The system is: Darwin - 22.3.0 - arm64
Compiling the CXX compiler identification source file "CMakeCXXCompilerId.cpp" succeeded.
Compiler: /Applications/Xcode.app/Contents/Developer/Toolchains/XcodeDefault.xctoolchain/usr/bin/c++ 
Build flags: 
Id flags: -c 

The output was:
0


Compilation of the CXX compiler identification source "CMakeCXXCompilerId.cpp" produced "CMakeCXXCompilerId.o"

The CXX compiler identification is AppleClang, found in "/Users/clementtongpersonal/Desktop/Programming/2022/SafelySail-AI/cv2/opencv-4.5.0/build/CMakeFiles/3.25.1/CompilerIdCXX/CMakeCXXCompilerId.o"

Compiling the C compiler identification source file "CMakeCCompilerId.c" succeeded.
Compiler: /Applications/Xcode.app/Contents/Developer/Toolchains/XcodeDefault.xctoolchain/usr/bin/cc 
Build flags: 
Id flags: -c 

The output was:
0


Compilation of the C compiler identification source "CMakeCCompilerId.c" produced "CMakeCCompilerId.o"

The C compiler identification is AppleClang, found in "/Users/clementtongpersonal/Desktop/Programming/2022/SafelySail-AI/cv2/opencv-4.5.0/build/CMakeFiles/3.25.1/CompilerIdC/CMakeCCompilerId.o"

Detecting CXX compiler ABI info compiled with the following output:
Change Dir: /Users/clementtongpersonal/Desktop/Programming/2022/SafelySail-AI/cv2/opencv-4.5.0/build/CMakeFiles/CMakeScratch/TryCompile-uc38yK

Run Build Command(s):/usr/bin/make -f Makefile cmTC_b994c/fast && /Applications/Xcode.app/Contents/Developer/usr/bin/make  -f CMakeFiles/cmTC_b994c.dir/build.make CMakeFiles/cmTC_b994c.dir/build
Building CXX object CMakeFiles/cmTC_b994c.dir/CMakeCXXCompilerABI.cpp.o
/Applications/Xcode.app/Contents/Developer/Toolchains/XcodeDefault.xctoolchain/usr/bin/c++   -arch arm64 -isysroot /Applications/Xcode.app/Contents/Developer/Platforms/MacOSX.platform/Developer/SDKs/MacOSX12.3.sdk -fPIE   -v -Wl,-v -MD -MT CMakeFiles/cmTC_b994c.dir/CMakeCXXCompilerABI.cpp.o -MF CMakeFiles/cmTC_b994c.dir/CMakeCXXCompilerABI.cpp.o.d -o CMakeFiles/cmTC_b994c.dir/CMakeCXXCompilerABI.cpp.o -c /opt/homebrew/Cellar/cmake/3.25.1/share/cmake/Modules/CMakeCXXCompilerABI.cpp
Apple clang version 14.0.0 (clang-1400.0.29.102)
Target: arm64-apple-darwin22.3.0
Thread model: posix
InstalledDir: /Applications/Xcode.app/Contents/Developer/Toolchains/XcodeDefault.xctoolchain/usr/bin
clang: warning: -Wl,-v: 'linker' input unused [-Wunused-command-line-argument]
 "/Applications/Xcode.app/Contents/Developer/Toolchains/XcodeDefault.xctoolchain/usr/bin/clang" -cc1 -triple arm64-apple-macosx12.3.0 -Wundef-prefix=TARGET_OS_ -Wdeprecated-objc-isa-usage -Werror=deprecated-objc-isa-usage -Werror=implicit-function-declaration -emit-obj -mrelax-all --mrelax-relocations -disable-free -clear-ast-before-backend -disable-llvm-verifier -discard-value-names -main-file-name CMakeCXXCompilerABI.cpp -mrelocation-model pic -pic-level 2 -mframe-pointer=non-leaf -fno-strict-return -fno-rounding-math -funwind-tables=2 -fobjc-msgsend-selector-stubs -target-sdk-version=12.3 -fvisibility-inlines-hidden-static-local-var -target-cpu apple-m1 -target-feature +v8.5a -target-feature +fp-armv8 -target-feature +neon -target-feature +crc -target-feature +crypto -target-feature +dotprod -target-feature +fp16fml -target-feature +ras -target-feature +lse -target-feature +rdm -target-feature +rcpc -target-feature +zcm -target-feature +zcz -target-feature +fullfp16 -target-feature +sm4 -target-feature +sha3 -target-feature +sha2 -target-feature +aes -target-abi darwinpcs -fallow-half-arguments-and-returns -debugger-tuning=lldb -target-linker-version 819.6 -v -resource-dir /Applications/Xcode.app/Contents/Developer/Toolchains/XcodeDefault.xctoolchain/usr/lib/clang/14.0.0 -dependency-file CMakeFiles/cmTC_b994c.dir/CMakeCXXCompilerABI.cpp.o.d -skip-unused-modulemap-deps -MT CMakeFiles/cmTC_b994c.dir/CMakeCXXCompilerABI.cpp.o -sys-header-deps -isysroot /Applications/Xcode.app/Contents/Developer/Platforms/MacOSX.platform/Developer/SDKs/MacOSX12.3.sdk -stdlib=libc++ -internal-isystem /Applications/Xcode.app/Contents/Developer/Platforms/MacOSX.platform/Developer/SDKs/MacOSX12.3.sdk/usr/include/c++/v1 -internal-isystem /Applications/Xcode.app/Contents/Developer/Platforms/MacOSX.platform/Developer/SDKs/MacOSX12.3.sdk/usr/local/include -internal-isystem /Applications/Xcode.app/Contents/Developer/Toolchains/XcodeDefault.xctoolchain/usr/lib/clang/14.0.0/include -internal-externc-isystem /Applications/Xcode.app/Contents/Developer/Platforms/MacOSX.platform/Developer/SDKs/MacOSX12.3.sdk/usr/include -internal-externc-isystem /Applications/Xcode.app/Contents/Developer/Toolchains/XcodeDefault.xctoolchain/usr/include -Wno-reorder-init-list -Wno-implicit-int-float-conversion -Wno-c99-designator -Wno-final-dtor-non-final-class -Wno-extra-semi-stmt -Wno-misleading-indentation -Wno-quoted-include-in-framework-header -Wno-implicit-fallthrough -Wno-enum-enum-conversion -Wno-enum-float-conversion -Wno-elaborated-enum-base -Wno-reserved-identifier -Wno-gnu-folding-constant -Wno-cast-function-type -Wno-bitwise-instead-of-logical -fdeprecated-macro -fdebug-compilation-dir=/Users/clementtongpersonal/Desktop/Programming/2022/SafelySail-AI/cv2/opencv-4.5.0/build/CMakeFiles/CMakeScratch/TryCompile-uc38yK -ferror-limit 19 -stack-protector 1 -fstack-check -mdarwin-stkchk-strong-link -fblocks -fencode-extended-block-signature -fregister-global-dtors-with-atexit -fgnuc-version=4.2.1 -fno-cxx-modules -fcxx-exceptions -fexceptions -fmax-type-align=16 -fcommon -clang-vendor-feature=+messageToSelfInClassMethodIdReturnType -clang-vendor-feature=+disableInferNewAvailabilityFromInit -clang-vendor-feature=+disableNonDependentMemberExprInCurrentInstantiation -fno-odr-hash-protocols -clang-vendor-feature=+enableAggressiveVLAFolding -clang-vendor-feature=+revert09abecef7bbf -clang-vendor-feature=+thisNoAlignAttr -clang-vendor-feature=+thisNoNullAttr -mllvm -disable-aligned-alloc-awareness=1 -D__GCC_HAVE_DWARF2_CFI_ASM=1 -o CMakeFiles/cmTC_b994c.dir/CMakeCXXCompilerABI.cpp.o -x c++ /opt/homebrew/Cellar/cmake/3.25.1/share/cmake/Modules/CMakeCXXCompilerABI.cpp
clang -cc1 version 14.0.0 (clang-1400.0.29.102) default target arm64-apple-darwin22.3.0
ignoring nonexistent directory "/Applications/Xcode.app/Contents/Developer/Platforms/MacOSX.platform/Developer/SDKs/MacOSX12.3.sdk/usr/local/include"
ignoring nonexistent directory "/Applications/Xcode.app/Contents/Developer/Platforms/MacOSX.platform/Developer/SDKs/MacOSX12.3.sdk/Library/Frameworks"
#include "..." search starts here:
#include <...> search starts here:
 /Applications/Xcode.app/Contents/Developer/Platforms/MacOSX.platform/Developer/SDKs/MacOSX12.3.sdk/usr/include/c++/v1
 /Applications/Xcode.app/Contents/Developer/Toolchains/XcodeDefault.xctoolchain/usr/lib/clang/14.0.0/include
 /Applications/Xcode.app/Contents/Developer/Platforms/MacOSX.platform/Developer/SDKs/MacOSX12.3.sdk/usr/include
 /Applications/Xcode.app/Contents/Developer/Toolchains/XcodeDefault.xctoolchain/usr/include
 /Applications/Xcode.app/Contents/Developer/Platforms/MacOSX.platform/Developer/SDKs/MacOSX12.3.sdk/System/Library/Frameworks (framework directory)
End of search list.
Linking CXX executable cmTC_b994c
/opt/homebrew/Cellar/cmake/3.25.1/bin/cmake -E cmake_link_script CMakeFiles/cmTC_b994c.dir/link.txt --verbose=1
/Applications/Xcode.app/Contents/Developer/Toolchains/XcodeDefault.xctoolchain/usr/bin/c++  -arch arm64 -isysroot /Applications/Xcode.app/Contents/Developer/Platforms/MacOSX.platform/Developer/SDKs/MacOSX12.3.sdk -Wl,-search_paths_first -Wl,-headerpad_max_install_names  -v -Wl,-v CMakeFiles/cmTC_b994c.dir/CMakeCXXCompilerABI.cpp.o -o cmTC_b994c 
Apple clang version 14.0.0 (clang-1400.0.29.102)
Target: arm64-apple-darwin22.3.0
Thread model: posix
InstalledDir: /Applications/Xcode.app/Contents/Developer/Toolchains/XcodeDefault.xctoolchain/usr/bin
 "/Applications/Xcode.app/Contents/Developer/Toolchains/XcodeDefault.xctoolchain/usr/bin/ld" -demangle -lto_library /Applications/Xcode.app/Contents/Developer/Toolchains/XcodeDefault.xctoolchain/usr/lib/libLTO.dylib -dynamic -arch arm64 -platform_version macos 12.3.0 12.3 -syslibroot /Applications/Xcode.app/Contents/Developer/Platforms/MacOSX.platform/Developer/SDKs/MacOSX12.3.sdk -o cmTC_b994c -search_paths_first -headerpad_max_install_names -v CMakeFiles/cmTC_b994c.dir/CMakeCXXCompilerABI.cpp.o -lc++ -lSystem /Applications/Xcode.app/Contents/Developer/Toolchains/XcodeDefault.xctoolchain/usr/lib/clang/14.0.0/lib/darwin/libclang_rt.osx.a
@(#)PROGRAM:ld  PROJECT:ld64-819.6
BUILD 14:58:44 Aug  5 2022
configured to support archs: armv6 armv7 armv7s arm64 arm64e arm64_32 i386 x86_64 x86_64h armv6m armv7k armv7m armv7em
Library search paths:
	/Applications/Xcode.app/Contents/Developer/Platforms/MacOSX.platform/Developer/SDKs/MacOSX12.3.sdk/usr/lib
Framework search paths:
	/Applications/Xcode.app/Contents/Developer/Platforms/MacOSX.platform/Developer/SDKs/MacOSX12.3.sdk/System/Library/Frameworks/



Parsed CXX implicit include dir info from above output: rv=done
  found start of include info
  found start of implicit include info
    add: [/Applications/Xcode.app/Contents/Developer/Platforms/MacOSX.platform/Developer/SDKs/MacOSX12.3.sdk/usr/include/c++/v1]
    add: [/Applications/Xcode.app/Contents/Developer/Toolchains/XcodeDefault.xctoolchain/usr/lib/clang/14.0.0/include]
    add: [/Applications/Xcode.app/Contents/Developer/Platforms/MacOSX.platform/Developer/SDKs/MacOSX12.3.sdk/usr/include]
    add: [/Applications/Xcode.app/Contents/Developer/Toolchains/XcodeDefault.xctoolchain/usr/include]
  end of search list found
  collapse include dir [/Applications/Xcode.app/Contents/Developer/Platforms/MacOSX.platform/Developer/SDKs/MacOSX12.3.sdk/usr/include/c++/v1] ==> [/Applications/Xcode.app/Contents/Developer/Platforms/MacOSX.platform/Developer/SDKs/MacOSX12.3.sdk/usr/include/c++/v1]
  collapse include dir [/Applications/Xcode.app/Contents/Developer/Toolchains/XcodeDefault.xctoolchain/usr/lib/clang/14.0.0/include] ==> [/Applications/Xcode.app/Contents/Developer/Toolchains/XcodeDefault.xctoolchain/usr/lib/clang/14.0.0/include]
  collapse include dir [/Applications/Xcode.app/Contents/Developer/Platforms/MacOSX.platform/Developer/SDKs/MacOSX12.3.sdk/usr/include] ==> [/Applications/Xcode.app/Contents/Developer/Platforms/MacOSX.platform/Developer/SDKs/MacOSX12.3.sdk/usr/include]
  collapse include dir [/Applications/Xcode.app/Contents/Developer/Toolchains/XcodeDefault.xctoolchain/usr/include] ==> [/Applications/Xcode.app/Contents/Developer/Toolchains/XcodeDefault.xctoolchain/usr/include]
  implicit include dirs: [/Applications/Xcode.app/Contents/Developer/Platforms/MacOSX.platform/Developer/SDKs/MacOSX12.3.sdk/usr/include/c++/v1;/Applications/Xcode.app/Contents/Developer/Toolchains/XcodeDefault.xctoolchain/usr/lib/clang/14.0.0/include;/Applications/Xcode.app/Contents/Developer/Platforms/MacOSX.platform/Developer/SDKs/MacOSX12.3.sdk/usr/include;/Applications/Xcode.app/Contents/Developer/Toolchains/XcodeDefault.xctoolchain/usr/include]


Parsed CXX implicit link information from above output:
  link line regex: [^( *|.*[/\])(ld|CMAKE_LINK_STARTFILE-NOTFOUND|([^/\]+-)?ld|collect2)[^/\]*( |$)]
  ignore line: [Change Dir: /Users/clementtongpersonal/Desktop/Programming/2022/SafelySail-AI/cv2/opencv-4.5.0/build/CMakeFiles/CMakeScratch/TryCompile-uc38yK]
  ignore line: []
  ignore line: [Run Build Command(s):/usr/bin/make -f Makefile cmTC_b994c/fast && /Applications/Xcode.app/Contents/Developer/usr/bin/make  -f CMakeFiles/cmTC_b994c.dir/build.make CMakeFiles/cmTC_b994c.dir/build]
  ignore line: [Building CXX object CMakeFiles/cmTC_b994c.dir/CMakeCXXCompilerABI.cpp.o]
  ignore line: [/Applications/Xcode.app/Contents/Developer/Toolchains/XcodeDefault.xctoolchain/usr/bin/c++   -arch arm64 -isysroot /Applications/Xcode.app/Contents/Developer/Platforms/MacOSX.platform/Developer/SDKs/MacOSX12.3.sdk -fPIE   -v -Wl -v -MD -MT CMakeFiles/cmTC_b994c.dir/CMakeCXXCompilerABI.cpp.o -MF CMakeFiles/cmTC_b994c.dir/CMakeCXXCompilerABI.cpp.o.d -o CMakeFiles/cmTC_b994c.dir/CMakeCXXCompilerABI.cpp.o -c /opt/homebrew/Cellar/cmake/3.25.1/share/cmake/Modules/CMakeCXXCompilerABI.cpp]
  ignore line: [Apple clang version 14.0.0 (clang-1400.0.29.102)]
  ignore line: [Target: arm64-apple-darwin22.3.0]
  ignore line: [Thread model: posix]
  ignore line: [InstalledDir: /Applications/Xcode.app/Contents/Developer/Toolchains/XcodeDefault.xctoolchain/usr/bin]
  ignore line: [clang: warning: -Wl -v: 'linker' input unused [-Wunused-command-line-argument]]
  ignore line: [ "/Applications/Xcode.app/Contents/Developer/Toolchains/XcodeDefault.xctoolchain/usr/bin/clang" -cc1 -triple arm64-apple-macosx12.3.0 -Wundef-prefix=TARGET_OS_ -Wdeprecated-objc-isa-usage -Werror=deprecated-objc-isa-usage -Werror=implicit-function-declaration -emit-obj -mrelax-all --mrelax-relocations -disable-free -clear-ast-before-backend -disable-llvm-verifier -discard-value-names -main-file-name CMakeCXXCompilerABI.cpp -mrelocation-model pic -pic-level 2 -mframe-pointer=non-leaf -fno-strict-return -fno-rounding-math -funwind-tables=2 -fobjc-msgsend-selector-stubs -target-sdk-version=12.3 -fvisibility-inlines-hidden-static-local-var -target-cpu apple-m1 -target-feature +v8.5a -target-feature +fp-armv8 -target-feature +neon -target-feature +crc -target-feature +crypto -target-feature +dotprod -target-feature +fp16fml -target-feature +ras -target-feature +lse -target-feature +rdm -target-feature +rcpc -target-feature +zcm -target-feature +zcz -target-feature +fullfp16 -target-feature +sm4 -target-feature +sha3 -target-feature +sha2 -target-feature +aes -target-abi darwinpcs -fallow-half-arguments-and-returns -debugger-tuning=lldb -target-linker-version 819.6 -v -resource-dir /Applications/Xcode.app/Contents/Developer/Toolchains/XcodeDefault.xctoolchain/usr/lib/clang/14.0.0 -dependency-file CMakeFiles/cmTC_b994c.dir/CMakeCXXCompilerABI.cpp.o.d -skip-unused-modulemap-deps -MT CMakeFiles/cmTC_b994c.dir/CMakeCXXCompilerABI.cpp.o -sys-header-deps -isysroot /Applications/Xcode.app/Contents/Developer/Platforms/MacOSX.platform/Developer/SDKs/MacOSX12.3.sdk -stdlib=libc++ -internal-isystem /Applications/Xcode.app/Contents/Developer/Platforms/MacOSX.platform/Developer/SDKs/MacOSX12.3.sdk/usr/include/c++/v1 -internal-isystem /Applications/Xcode.app/Contents/Developer/Platforms/MacOSX.platform/Developer/SDKs/MacOSX12.3.sdk/usr/local/include -internal-isystem /Applications/Xcode.app/Contents/Developer/Toolchains/XcodeDefault.xctoolchain/usr/lib/clang/14.0.0/include -internal-externc-isystem /Applications/Xcode.app/Contents/Developer/Platforms/MacOSX.platform/Developer/SDKs/MacOSX12.3.sdk/usr/include -internal-externc-isystem /Applications/Xcode.app/Contents/Developer/Toolchains/XcodeDefault.xctoolchain/usr/include -Wno-reorder-init-list -Wno-implicit-int-float-conversion -Wno-c99-designator -Wno-final-dtor-non-final-class -Wno-extra-semi-stmt -Wno-misleading-indentation -Wno-quoted-include-in-framework-header -Wno-implicit-fallthrough -Wno-enum-enum-conversion -Wno-enum-float-conversion -Wno-elaborated-enum-base -Wno-reserved-identifier -Wno-gnu-folding-constant -Wno-cast-function-type -Wno-bitwise-instead-of-logical -fdeprecated-macro -fdebug-compilation-dir=/Users/clementtongpersonal/Desktop/Programming/2022/SafelySail-AI/cv2/opencv-4.5.0/build/CMakeFiles/CMakeScratch/TryCompile-uc38yK -ferror-limit 19 -stack-protector 1 -fstack-check -mdarwin-stkchk-strong-link -fblocks -fencode-extended-block-signature -fregister-global-dtors-with-atexit -fgnuc-version=4.2.1 -fno-cxx-modules -fcxx-exceptions -fexceptions -fmax-type-align=16 -fcommon -clang-vendor-feature=+messageToSelfInClassMethodIdReturnType -clang-vendor-feature=+disableInferNewAvailabilityFromInit -clang-vendor-feature=+disableNonDependentMemberExprInCurrentInstantiation -fno-odr-hash-protocols -clang-vendor-feature=+enableAggressiveVLAFolding -clang-vendor-feature=+revert09abecef7bbf -clang-vendor-feature=+thisNoAlignAttr -clang-vendor-feature=+thisNoNullAttr -mllvm -disable-aligned-alloc-awareness=1 -D__GCC_HAVE_DWARF2_CFI_ASM=1 -o CMakeFiles/cmTC_b994c.dir/CMakeCXXCompilerABI.cpp.o -x c++ /opt/homebrew/Cellar/cmake/3.25.1/share/cmake/Modules/CMakeCXXCompilerABI.cpp]
  ignore line: [clang -cc1 version 14.0.0 (clang-1400.0.29.102) default target arm64-apple-darwin22.3.0]
  ignore line: [ignoring nonexistent directory "/Applications/Xcode.app/Contents/Developer/Platforms/MacOSX.platform/Developer/SDKs/MacOSX12.3.sdk/usr/local/include"]
  ignore line: [ignoring nonexistent directory "/Applications/Xcode.app/Contents/Developer/Platforms/MacOSX.platform/Developer/SDKs/MacOSX12.3.sdk/Library/Frameworks"]
  ignore line: [#include "..." search starts here:]
  ignore line: [#include <...> search starts here:]
  ignore line: [ /Applications/Xcode.app/Contents/Developer/Platforms/MacOSX.platform/Developer/SDKs/MacOSX12.3.sdk/usr/include/c++/v1]
  ignore line: [ /Applications/Xcode.app/Contents/Developer/Toolchains/XcodeDefault.xctoolchain/usr/lib/clang/14.0.0/include]
  ignore line: [ /Applications/Xcode.app/Contents/Developer/Platforms/MacOSX.platform/Developer/SDKs/MacOSX12.3.sdk/usr/include]
  ignore line: [ /Applications/Xcode.app/Contents/Developer/Toolchains/XcodeDefault.xctoolchain/usr/include]
  ignore line: [ /Applications/Xcode.app/Contents/Developer/Platforms/MacOSX.platform/Developer/SDKs/MacOSX12.3.sdk/System/Library/Frameworks (framework directory)]
  ignore line: [End of search list.]
  ignore line: [Linking CXX executable cmTC_b994c]
  ignore line: [/opt/homebrew/Cellar/cmake/3.25.1/bin/cmake -E cmake_link_script CMakeFiles/cmTC_b994c.dir/link.txt --verbose=1]
  ignore line: [/Applications/Xcode.app/Contents/Developer/Toolchains/XcodeDefault.xctoolchain/usr/bin/c++  -arch arm64 -isysroot /Applications/Xcode.app/Contents/Developer/Platforms/MacOSX.platform/Developer/SDKs/MacOSX12.3.sdk -Wl -search_paths_first -Wl -headerpad_max_install_names  -v -Wl -v CMakeFiles/cmTC_b994c.dir/CMakeCXXCompilerABI.cpp.o -o cmTC_b994c ]
  ignore line: [Apple clang version 14.0.0 (clang-1400.0.29.102)]
  ignore line: [Target: arm64-apple-darwin22.3.0]
  ignore line: [Thread model: posix]
  ignore line: [InstalledDir: /Applications/Xcode.app/Contents/Developer/Toolchains/XcodeDefault.xctoolchain/usr/bin]
  link line: [ "/Applications/Xcode.app/Contents/Developer/Toolchains/XcodeDefault.xctoolchain/usr/bin/ld" -demangle -lto_library /Applications/Xcode.app/Contents/Developer/Toolchains/XcodeDefault.xctoolchain/usr/lib/libLTO.dylib -dynamic -arch arm64 -platform_version macos 12.3.0 12.3 -syslibroot /Applications/Xcode.app/Contents/Developer/Platforms/MacOSX.platform/Developer/SDKs/MacOSX12.3.sdk -o cmTC_b994c -search_paths_first -headerpad_max_install_names -v CMakeFiles/cmTC_b994c.dir/CMakeCXXCompilerABI.cpp.o -lc++ -lSystem /Applications/Xcode.app/Contents/Developer/Toolchains/XcodeDefault.xctoolchain/usr/lib/clang/14.0.0/lib/darwin/libclang_rt.osx.a]
    arg [/Applications/Xcode.app/Contents/Developer/Toolchains/XcodeDefault.xctoolchain/usr/bin/ld] ==> ignore
    arg [-demangle] ==> ignore
    arg [-lto_library] ==> ignore, skip following value
    arg [/Applications/Xcode.app/Contents/Developer/Toolchains/XcodeDefault.xctoolchain/usr/lib/libLTO.dylib] ==> skip value of -lto_library
    arg [-dynamic] ==> ignore
    arg [-arch] ==> ignore
    arg [arm64] ==> ignore
    arg [-platform_version] ==> ignore
    arg [macos] ==> ignore
    arg [12.3.0] ==> ignore
    arg [12.3] ==> ignore
    arg [-syslibroot] ==> ignore
    arg [/Applications/Xcode.app/Contents/Developer/Platforms/MacOSX.platform/Developer/SDKs/MacOSX12.3.sdk] ==> ignore
    arg [-o] ==> ignore
    arg [cmTC_b994c] ==> ignore
    arg [-search_paths_first] ==> ignore
    arg [-headerpad_max_install_names] ==> ignore
    arg [-v] ==> ignore
    arg [CMakeFiles/cmTC_b994c.dir/CMakeCXXCompilerABI.cpp.o] ==> ignore
    arg [-lc++] ==> lib [c++]
    arg [-lSystem] ==> lib [System]
    arg [/Applications/Xcode.app/Contents/Developer/Toolchains/XcodeDefault.xctoolchain/usr/lib/clang/14.0.0/lib/darwin/libclang_rt.osx.a] ==> lib [/Applications/Xcode.app/Contents/Developer/Toolchains/XcodeDefault.xctoolchain/usr/lib/clang/14.0.0/lib/darwin/libclang_rt.osx.a]
  Library search paths: [;/Applications/Xcode.app/Contents/Developer/Platforms/MacOSX.platform/Developer/SDKs/MacOSX12.3.sdk/usr/lib]
  Framework search paths: [;/Applications/Xcode.app/Contents/Developer/Platforms/MacOSX.platform/Developer/SDKs/MacOSX12.3.sdk/System/Library/Frameworks/]
  remove lib [System]
  remove lib [/Applications/Xcode.app/Contents/Developer/Toolchains/XcodeDefault.xctoolchain/usr/lib/clang/14.0.0/lib/darwin/libclang_rt.osx.a]
  collapse library dir [/Applications/Xcode.app/Contents/Developer/Platforms/MacOSX.platform/Developer/SDKs/MacOSX12.3.sdk/usr/lib] ==> [/Applications/Xcode.app/Contents/Developer/Platforms/MacOSX.platform/Developer/SDKs/MacOSX12.3.sdk/usr/lib]
  collapse framework dir [/Applications/Xcode.app/Contents/Developer/Platforms/MacOSX.platform/Developer/SDKs/MacOSX12.3.sdk/System/Library/Frameworks/] ==> [/Applications/Xcode.app/Contents/Developer/Platforms/MacOSX.platform/Developer/SDKs/MacOSX12.3.sdk/System/Library/Frameworks]
  implicit libs: [c++]
  implicit objs: []
  implicit dirs: [/Applications/Xcode.app/Contents/Developer/Platforms/MacOSX.platform/Developer/SDKs/MacOSX12.3.sdk/usr/lib]
  implicit fwks: [/Applications/Xcode.app/Contents/Developer/Platforms/MacOSX.platform/Developer/SDKs/MacOSX12.3.sdk/System/Library/Frameworks]


Detecting C compiler ABI info compiled with the following output:
Change Dir: /Users/clementtongpersonal/Desktop/Programming/2022/SafelySail-AI/cv2/opencv-4.5.0/build/CMakeFiles/CMakeScratch/TryCompile-CiONiD

Run Build Command(s):/usr/bin/make -f Makefile cmTC_39ac6/fast && /Applications/Xcode.app/Contents/Developer/usr/bin/make  -f CMakeFiles/cmTC_39ac6.dir/build.make CMakeFiles/cmTC_39ac6.dir/build
Building C object CMakeFiles/cmTC_39ac6.dir/CMakeCCompilerABI.c.o
/Applications/Xcode.app/Contents/Developer/Toolchains/XcodeDefault.xctoolchain/usr/bin/cc   -arch arm64 -isysroot /Applications/Xcode.app/Contents/Developer/Platforms/MacOSX.platform/Developer/SDKs/MacOSX12.3.sdk -fPIE   -v -Wl,-v -MD -MT CMakeFiles/cmTC_39ac6.dir/CMakeCCompilerABI.c.o -MF CMakeFiles/cmTC_39ac6.dir/CMakeCCompilerABI.c.o.d -o CMakeFiles/cmTC_39ac6.dir/CMakeCCompilerABI.c.o -c /opt/homebrew/Cellar/cmake/3.25.1/share/cmake/Modules/CMakeCCompilerABI.c
Apple clang version 14.0.0 (clang-1400.0.29.102)
Target: arm64-apple-darwin22.3.0
Thread model: posix
InstalledDir: /Applications/Xcode.app/Contents/Developer/Toolchains/XcodeDefault.xctoolchain/usr/bin
clang: warning: -Wl,-v: 'linker' input unused [-Wunused-command-line-argument]
 "/Applications/Xcode.app/Contents/Developer/Toolchains/XcodeDefault.xctoolchain/usr/bin/clang" -cc1 -triple arm64-apple-macosx12.3.0 -Wundef-prefix=TARGET_OS_ -Wdeprecated-objc-isa-usage -Werror=deprecated-objc-isa-usage -Werror=implicit-function-declaration -emit-obj -mrelax-all --mrelax-relocations -disable-free -clear-ast-before-backend -disable-llvm-verifier -discard-value-names -main-file-name CMakeCCompilerABI.c -mrelocation-model pic -pic-level 2 -mframe-pointer=non-leaf -fno-strict-return -fno-rounding-math -funwind-tables=2 -fobjc-msgsend-selector-stubs -target-sdk-version=12.3 -fvisibility-inlines-hidden-static-local-var -target-cpu apple-m1 -target-feature +v8.5a -target-feature +fp-armv8 -target-feature +neon -target-feature +crc -target-feature +crypto -target-feature +dotprod -target-feature +fp16fml -target-feature +ras -target-feature +lse -target-feature +rdm -target-feature +rcpc -target-feature +zcm -target-feature +zcz -target-feature +fullfp16 -target-feature +sm4 -target-feature +sha3 -target-feature +sha2 -target-feature +aes -target-abi darwinpcs -fallow-half-arguments-and-returns -debugger-tuning=lldb -target-linker-version 819.6 -v -resource-dir /Applications/Xcode.app/Contents/Developer/Toolchains/XcodeDefault.xctoolchain/usr/lib/clang/14.0.0 -dependency-file CMakeFiles/cmTC_39ac6.dir/CMakeCCompilerABI.c.o.d -skip-unused-modulemap-deps -MT CMakeFiles/cmTC_39ac6.dir/CMakeCCompilerABI.c.o -sys-header-deps -isysroot /Applications/Xcode.app/Contents/Developer/Platforms/MacOSX.platform/Developer/SDKs/MacOSX12.3.sdk -internal-isystem /Applications/Xcode.app/Contents/Developer/Platforms/MacOSX.platform/Developer/SDKs/MacOSX12.3.sdk/usr/local/include -internal-isystem /Applications/Xcode.app/Contents/Developer/Toolchains/XcodeDefault.xctoolchain/usr/lib/clang/14.0.0/include -internal-externc-isystem /Applications/Xcode.app/Contents/Developer/Platforms/MacOSX.platform/Developer/SDKs/MacOSX12.3.sdk/usr/include -internal-externc-isystem /Applications/Xcode.app/Contents/Developer/Toolchains/XcodeDefault.xctoolchain/usr/include -Wno-reorder-init-list -Wno-implicit-int-float-conversion -Wno-c99-designator -Wno-final-dtor-non-final-class -Wno-extra-semi-stmt -Wno-misleading-indentation -Wno-quoted-include-in-framework-header -Wno-implicit-fallthrough -Wno-enum-enum-conversion -Wno-enum-float-conversion -Wno-elaborated-enum-base -Wno-reserved-identifier -Wno-gnu-folding-constant -Wno-cast-function-type -Wno-bitwise-instead-of-logical -fdebug-compilation-dir=/Users/clementtongpersonal/Desktop/Programming/2022/SafelySail-AI/cv2/opencv-4.5.0/build/CMakeFiles/CMakeScratch/TryCompile-CiONiD -ferror-limit 19 -stack-protector 1 -fstack-check -mdarwin-stkchk-strong-link -fblocks -fencode-extended-block-signature -fregister-global-dtors-with-atexit -fgnuc-version=4.2.1 -fmax-type-align=16 -fcommon -clang-vendor-feature=+messageToSelfInClassMethodIdReturnType -clang-vendor-feature=+disableInferNewAvailabilityFromInit -clang-vendor-feature=+disableNonDependentMemberExprInCurrentInstantiation -fno-odr-hash-protocols -clang-vendor-feature=+enableAggressiveVLAFolding -clang-vendor-feature=+revert09abecef7bbf -clang-vendor-feature=+thisNoAlignAttr -clang-vendor-feature=+thisNoNullAttr -mllvm -disable-aligned-alloc-awareness=1 -D__GCC_HAVE_DWARF2_CFI_ASM=1 -o CMakeFiles/cmTC_39ac6.dir/CMakeCCompilerABI.c.o -x c /opt/homebrew/Cellar/cmake/3.25.1/share/cmake/Modules/CMakeCCompilerABI.c
clang -cc1 version 14.0.0 (clang-1400.0.29.102) default target arm64-apple-darwin22.3.0
ignoring nonexistent directory "/Applications/Xcode.app/Contents/Developer/Platforms/MacOSX.platform/Developer/SDKs/MacOSX12.3.sdk/usr/local/include"
ignoring nonexistent directory "/Applications/Xcode.app/Contents/Developer/Platforms/MacOSX.platform/Developer/SDKs/MacOSX12.3.sdk/Library/Frameworks"
#include "..." search starts here:
#include <...> search starts here:
 /Applications/Xcode.app/Contents/Developer/Toolchains/XcodeDefault.xctoolchain/usr/lib/clang/14.0.0/include
 /Applications/Xcode.app/Contents/Developer/Platforms/MacOSX.platform/Developer/SDKs/MacOSX12.3.sdk/usr/include
 /Applications/Xcode.app/Contents/Developer/Toolchains/XcodeDefault.xctoolchain/usr/include
 /Applications/Xcode.app/Contents/Developer/Platforms/MacOSX.platform/Developer/SDKs/MacOSX12.3.sdk/System/Library/Frameworks (framework directory)
End of search list.
Linking C executable cmTC_39ac6
/opt/homebrew/Cellar/cmake/3.25.1/bin/cmake -E cmake_link_script CMakeFiles/cmTC_39ac6.dir/link.txt --verbose=1
/Applications/Xcode.app/Contents/Developer/Toolchains/XcodeDefault.xctoolchain/usr/bin/cc  -arch arm64 -isysroot /Applications/Xcode.app/Contents/Developer/Platforms/MacOSX.platform/Developer/SDKs/MacOSX12.3.sdk -Wl,-search_paths_first -Wl,-headerpad_max_install_names  -v -Wl,-v CMakeFiles/cmTC_39ac6.dir/CMakeCCompilerABI.c.o -o cmTC_39ac6 
Apple clang version 14.0.0 (clang-1400.0.29.102)
Target: arm64-apple-darwin22.3.0
Thread model: posix
InstalledDir: /Applications/Xcode.app/Contents/Developer/Toolchains/XcodeDefault.xctoolchain/usr/bin
 "/Applications/Xcode.app/Contents/Developer/Toolchains/XcodeDefault.xctoolchain/usr/bin/ld" -demangle -lto_library /Applications/Xcode.app/Contents/Developer/Toolchains/XcodeDefault.xctoolchain/usr/lib/libLTO.dylib -dynamic -arch arm64 -platform_version macos 12.3.0 12.3 -syslibroot /Applications/Xcode.app/Contents/Developer/Platforms/MacOSX.platform/Developer/SDKs/MacOSX12.3.sdk -o cmTC_39ac6 -search_paths_first -headerpad_max_install_names -v CMakeFiles/cmTC_39ac6.dir/CMakeCCompilerABI.c.o -lSystem /Applications/Xcode.app/Contents/Developer/Toolchains/XcodeDefault.xctoolchain/usr/lib/clang/14.0.0/lib/darwin/libclang_rt.osx.a
@(#)PROGRAM:ld  PROJECT:ld64-819.6
BUILD 14:58:44 Aug  5 2022
configured to support archs: armv6 armv7 armv7s arm64 arm64e arm64_32 i386 x86_64 x86_64h armv6m armv7k armv7m armv7em
Library search paths:
	/Applications/Xcode.app/Contents/Developer/Platforms/MacOSX.platform/Developer/SDKs/MacOSX12.3.sdk/usr/lib
Framework search paths:
	/Applications/Xcode.app/Contents/Developer/Platforms/MacOSX.platform/Developer/SDKs/MacOSX12.3.sdk/System/Library/Frameworks/



Parsed C implicit include dir info from above output: rv=done
  found start of include info
  found start of implicit include info
    add: [/Applications/Xcode.app/Contents/Developer/Toolchains/XcodeDefault.xctoolchain/usr/lib/clang/14.0.0/include]
    add: [/Applications/Xcode.app/Contents/Developer/Platforms/MacOSX.platform/Developer/SDKs/MacOSX12.3.sdk/usr/include]
    add: [/Applications/Xcode.app/Contents/Developer/Toolchains/XcodeDefault.xctoolchain/usr/include]
  end of search list found
  collapse include dir [/Applications/Xcode.app/Contents/Developer/Toolchains/XcodeDefault.xctoolchain/usr/lib/clang/14.0.0/include] ==> [/Applications/Xcode.app/Contents/Developer/Toolchains/XcodeDefault.xctoolchain/usr/lib/clang/14.0.0/include]
  collapse include dir [/Applications/Xcode.app/Contents/Developer/Platforms/MacOSX.platform/Developer/SDKs/MacOSX12.3.sdk/usr/include] ==> [/Applications/Xcode.app/Contents/Developer/Platforms/MacOSX.platform/Developer/SDKs/MacOSX12.3.sdk/usr/include]
  collapse include dir [/Applications/Xcode.app/Contents/Developer/Toolchains/XcodeDefault.xctoolchain/usr/include] ==> [/Applications/Xcode.app/Contents/Developer/Toolchains/XcodeDefault.xctoolchain/usr/include]
  implicit include dirs: [/Applications/Xcode.app/Contents/Developer/Toolchains/XcodeDefault.xctoolchain/usr/lib/clang/14.0.0/include;/Applications/Xcode.app/Contents/Developer/Platforms/MacOSX.platform/Developer/SDKs/MacOSX12.3.sdk/usr/include;/Applications/Xcode.app/Contents/Developer/Toolchains/XcodeDefault.xctoolchain/usr/include]


Parsed C implicit link information from above output:
  link line regex: [^( *|.*[/\])(ld|CMAKE_LINK_STARTFILE-NOTFOUND|([^/\]+-)?ld|collect2)[^/\]*( |$)]
  ignore line: [Change Dir: /Users/clementtongpersonal/Desktop/Programming/2022/SafelySail-AI/cv2/opencv-4.5.0/build/CMakeFiles/CMakeScratch/TryCompile-CiONiD]
  ignore line: []
  ignore line: [Run Build Command(s):/usr/bin/make -f Makefile cmTC_39ac6/fast && /Applications/Xcode.app/Contents/Developer/usr/bin/make  -f CMakeFiles/cmTC_39ac6.dir/build.make CMakeFiles/cmTC_39ac6.dir/build]
  ignore line: [Building C object CMakeFiles/cmTC_39ac6.dir/CMakeCCompilerABI.c.o]
  ignore line: [/Applications/Xcode.app/Contents/Developer/Toolchains/XcodeDefault.xctoolchain/usr/bin/cc   -arch arm64 -isysroot /Applications/Xcode.app/Contents/Developer/Platforms/MacOSX.platform/Developer/SDKs/MacOSX12.3.sdk -fPIE   -v -Wl -v -MD -MT CMakeFiles/cmTC_39ac6.dir/CMakeCCompilerABI.c.o -MF CMakeFiles/cmTC_39ac6.dir/CMakeCCompilerABI.c.o.d -o CMakeFiles/cmTC_39ac6.dir/CMakeCCompilerABI.c.o -c /opt/homebrew/Cellar/cmake/3.25.1/share/cmake/Modules/CMakeCCompilerABI.c]
  ignore line: [Apple clang version 14.0.0 (clang-1400.0.29.102)]
  ignore line: [Target: arm64-apple-darwin22.3.0]
  ignore line: [Thread model: posix]
  ignore line: [InstalledDir: /Applications/Xcode.app/Contents/Developer/Toolchains/XcodeDefault.xctoolchain/usr/bin]
  ignore line: [clang: warning: -Wl -v: 'linker' input unused [-Wunused-command-line-argument]]
  ignore line: [ "/Applications/Xcode.app/Contents/Developer/Toolchains/XcodeDefault.xctoolchain/usr/bin/clang" -cc1 -triple arm64-apple-macosx12.3.0 -Wundef-prefix=TARGET_OS_ -Wdeprecated-objc-isa-usage -Werror=deprecated-objc-isa-usage -Werror=implicit-function-declaration -emit-obj -mrelax-all --mrelax-relocations -disable-free -clear-ast-before-backend -disable-llvm-verifier -discard-value-names -main-file-name CMakeCCompilerABI.c -mrelocation-model pic -pic-level 2 -mframe-pointer=non-leaf -fno-strict-return -fno-rounding-math -funwind-tables=2 -fobjc-msgsend-selector-stubs -target-sdk-version=12.3 -fvisibility-inlines-hidden-static-local-var -target-cpu apple-m1 -target-feature +v8.5a -target-feature +fp-armv8 -target-feature +neon -target-feature +crc -target-feature +crypto -target-feature +dotprod -target-feature +fp16fml -target-feature +ras -target-feature +lse -target-feature +rdm -target-feature +rcpc -target-feature +zcm -target-feature +zcz -target-feature +fullfp16 -target-feature +sm4 -target-feature +sha3 -target-feature +sha2 -target-feature +aes -target-abi darwinpcs -fallow-half-arguments-and-returns -debugger-tuning=lldb -target-linker-version 819.6 -v -resource-dir /Applications/Xcode.app/Contents/Developer/Toolchains/XcodeDefault.xctoolchain/usr/lib/clang/14.0.0 -dependency-file CMakeFiles/cmTC_39ac6.dir/CMakeCCompilerABI.c.o.d -skip-unused-modulemap-deps -MT CMakeFiles/cmTC_39ac6.dir/CMakeCCompilerABI.c.o -sys-header-deps -isysroot /Applications/Xcode.app/Contents/Developer/Platforms/MacOSX.platform/Developer/SDKs/MacOSX12.3.sdk -internal-isystem /Applications/Xcode.app/Contents/Developer/Platforms/MacOSX.platform/Developer/SDKs/MacOSX12.3.sdk/usr/local/include -internal-isystem /Applications/Xcode.app/Contents/Developer/Toolchains/XcodeDefault.xctoolchain/usr/lib/clang/14.0.0/include -internal-externc-isystem /Applications/Xcode.app/Contents/Developer/Platforms/MacOSX.platform/Developer/SDKs/MacOSX12.3.sdk/usr/include -internal-externc-isystem /Applications/Xcode.app/Contents/Developer/Toolchains/XcodeDefault.xctoolchain/usr/include -Wno-reorder-init-list -Wno-implicit-int-float-conversion -Wno-c99-designator -Wno-final-dtor-non-final-class -Wno-extra-semi-stmt -Wno-misleading-indentation -Wno-quoted-include-in-framework-header -Wno-implicit-fallthrough -Wno-enum-enum-conversion -Wno-enum-float-conversion -Wno-elaborated-enum-base -Wno-reserved-identifier -Wno-gnu-folding-constant -Wno-cast-function-type -Wno-bitwise-instead-of-logical -fdebug-compilation-dir=/Users/clementtongpersonal/Desktop/Programming/2022/SafelySail-AI/cv2/opencv-4.5.0/build/CMakeFiles/CMakeScratch/TryCompile-CiONiD -ferror-limit 19 -stack-protector 1 -fstack-check -mdarwin-stkchk-strong-link -fblocks -fencode-extended-block-signature -fregister-global-dtors-with-atexit -fgnuc-version=4.2.1 -fmax-type-align=16 -fcommon -clang-vendor-feature=+messageToSelfInClassMethodIdReturnType -clang-vendor-feature=+disableInferNewAvailabilityFromInit -clang-vendor-feature=+disableNonDependentMemberExprInCurrentInstantiation -fno-odr-hash-protocols -clang-vendor-feature=+enableAggressiveVLAFolding -clang-vendor-feature=+revert09abecef7bbf -clang-vendor-feature=+thisNoAlignAttr -clang-vendor-feature=+thisNoNullAttr -mllvm -disable-aligned-alloc-awareness=1 -D__GCC_HAVE_DWARF2_CFI_ASM=1 -o CMakeFiles/cmTC_39ac6.dir/CMakeCCompilerABI.c.o -x c /opt/homebrew/Cellar/cmake/3.25.1/share/cmake/Modules/CMakeCCompilerABI.c]
  ignore line: [clang -cc1 version 14.0.0 (clang-1400.0.29.102) default target arm64-apple-darwin22.3.0]
  ignore line: [ignoring nonexistent directory "/Applications/Xcode.app/Contents/Developer/Platforms/MacOSX.platform/Developer/SDKs/MacOSX12.3.sdk/usr/local/include"]
  ignore line: [ignoring nonexistent directory "/Applications/Xcode.app/Contents/Developer/Platforms/MacOSX.platform/Developer/SDKs/MacOSX12.3.sdk/Library/Frameworks"]
  ignore line: [#include "..." search starts here:]
  ignore line: [#include <...> search starts here:]
  ignore line: [ /Applications/Xcode.app/Contents/Developer/Toolchains/XcodeDefault.xctoolchain/usr/lib/clang/14.0.0/include]
  ignore line: [ /Applications/Xcode.app/Contents/Developer/Platforms/MacOSX.platform/Developer/SDKs/MacOSX12.3.sdk/usr/include]
  ignore line: [ /Applications/Xcode.app/Contents/Developer/Toolchains/XcodeDefault.xctoolchain/usr/include]
  ignore line: [ /Applications/Xcode.app/Contents/Developer/Platforms/MacOSX.platform/Developer/SDKs/MacOSX12.3.sdk/System/Library/Frameworks (framework directory)]
  ignore line: [End of search list.]
  ignore line: [Linking C executable cmTC_39ac6]
  ignore line: [/opt/homebrew/Cellar/cmake/3.25.1/bin/cmake -E cmake_link_script CMakeFiles/cmTC_39ac6.dir/link.txt --verbose=1]
  ignore line: [/Applications/Xcode.app/Contents/Developer/Toolchains/XcodeDefault.xctoolchain/usr/bin/cc  -arch arm64 -isysroot /Applications/Xcode.app/Contents/Developer/Platforms/MacOSX.platform/Developer/SDKs/MacOSX12.3.sdk -Wl -search_paths_first -Wl -headerpad_max_install_names  -v -Wl -v CMakeFiles/cmTC_39ac6.dir/CMakeCCompilerABI.c.o -o cmTC_39ac6 ]
  ignore line: [Apple clang version 14.0.0 (clang-1400.0.29.102)]
  ignore line: [Target: arm64-apple-darwin22.3.0]
  ignore line: [Thread model: posix]
  ignore line: [InstalledDir: /Applications/Xcode.app/Contents/Developer/Toolchains/XcodeDefault.xctoolchain/usr/bin]
  link line: [ "/Applications/Xcode.app/Contents/Developer/Toolchains/XcodeDefault.xctoolchain/usr/bin/ld" -demangle -lto_library /Applications/Xcode.app/Contents/Developer/Toolchains/XcodeDefault.xctoolchain/usr/lib/libLTO.dylib -dynamic -arch arm64 -platform_version macos 12.3.0 12.3 -syslibroot /Applications/Xcode.app/Contents/Developer/Platforms/MacOSX.platform/Developer/SDKs/MacOSX12.3.sdk -o cmTC_39ac6 -search_paths_first -headerpad_max_install_names -v CMakeFiles/cmTC_39ac6.dir/CMakeCCompilerABI.c.o -lSystem /Applications/Xcode.app/Contents/Developer/Toolchains/XcodeDefault.xctoolchain/usr/lib/clang/14.0.0/lib/darwin/libclang_rt.osx.a]
    arg [/Applications/Xcode.app/Contents/Developer/Toolchains/XcodeDefault.xctoolchain/usr/bin/ld] ==> ignore
    arg [-demangle] ==> ignore
    arg [-lto_library] ==> ignore, skip following value
    arg [/Applications/Xcode.app/Contents/Developer/Toolchains/XcodeDefault.xctoolchain/usr/lib/libLTO.dylib] ==> skip value of -lto_library
    arg [-dynamic] ==> ignore
    arg [-arch] ==> ignore
    arg [arm64] ==> ignore
    arg [-platform_version] ==> ignore
    arg [macos] ==> ignore
    arg [12.3.0] ==> ignore
    arg [12.3] ==> ignore
    arg [-syslibroot] ==> ignore
    arg [/Applications/Xcode.app/Contents/Developer/Platforms/MacOSX.platform/Developer/SDKs/MacOSX12.3.sdk] ==> ignore
    arg [-o] ==> ignore
    arg [cmTC_39ac6] ==> ignore
    arg [-search_paths_first] ==> ignore
    arg [-headerpad_max_install_names] ==> ignore
    arg [-v] ==> ignore
    arg [CMakeFiles/cmTC_39ac6.dir/CMakeCCompilerABI.c.o] ==> ignore
    arg [-lSystem] ==> lib [System]
    arg [/Applications/Xcode.app/Contents/Developer/Toolchains/XcodeDefault.xctoolchain/usr/lib/clang/14.0.0/lib/darwin/libclang_rt.osx.a] ==> lib [/Applications/Xcode.app/Contents/Developer/Toolchains/XcodeDefault.xctoolchain/usr/lib/clang/14.0.0/lib/darwin/libclang_rt.osx.a]
  Library search paths: [;/Applications/Xcode.app/Contents/Developer/Platforms/MacOSX.platform/Developer/SDKs/MacOSX12.3.sdk/usr/lib]
  Framework search paths: [;/Applications/Xcode.app/Contents/Developer/Platforms/MacOSX.platform/Developer/SDKs/MacOSX12.3.sdk/System/Library/Frameworks/]
  remove lib [System]
  remove lib [/Applications/Xcode.app/Contents/Developer/Toolchains/XcodeDefault.xctoolchain/usr/lib/clang/14.0.0/lib/darwin/libclang_rt.osx.a]
  collapse library dir [/Applications/Xcode.app/Contents/Developer/Platforms/MacOSX.platform/Developer/SDKs/MacOSX12.3.sdk/usr/lib] ==> [/Applications/Xcode.app/Contents/Developer/Platforms/MacOSX.platform/Developer/SDKs/MacOSX12.3.sdk/usr/lib]
  collapse framework dir [/Applications/Xcode.app/Contents/Developer/Platforms/MacOSX.platform/Developer/SDKs/MacOSX12.3.sdk/System/Library/Frameworks/] ==> [/Applications/Xcode.app/Contents/Developer/Platforms/MacOSX.platform/Developer/SDKs/MacOSX12.3.sdk/System/Library/Frameworks]
  implicit libs: []
  implicit objs: []
  implicit dirs: [/Applications/Xcode.app/Contents/Developer/Platforms/MacOSX.platform/Developer/SDKs/MacOSX12.3.sdk/usr/lib]
  implicit fwks: [/Applications/Xcode.app/Contents/Developer/Platforms/MacOSX.platform/Developer/SDKs/MacOSX12.3.sdk/System/Library/Frameworks]


Determining if the posix_memalign exist passed with the following output:
Change Dir: /Users/clementtongpersonal/Desktop/Programming/2022/SafelySail-AI/cv2/opencv-4.5.0/build/CMakeFiles/CMakeScratch/TryCompile-zJzGsB

Run Build Command(s):/usr/bin/make -f Makefile cmTC_790ef/fast && /Applications/Xcode.app/Contents/Developer/usr/bin/make  -f CMakeFiles/cmTC_790ef.dir/build.make CMakeFiles/cmTC_790ef.dir/build
Building C object CMakeFiles/cmTC_790ef.dir/CheckSymbolExists.c.o
/Applications/Xcode.app/Contents/Developer/Toolchains/XcodeDefault.xctoolchain/usr/bin/cc   -fsigned-char -W -Wall    -Wformat -Wmissing-declarations -Wmissing-prototypes -Wstrict-prototypes -Wundef -Winit-self -Wpointer-arith -Wshadow -Wsign-promo -Wuninitialized -Winit-self -Wno-delete-non-virtual-dtor -Wno-unnamed-type-template-args -Wno-comment -Wno-deprecated-enum-enum-conversion -Wno-deprecated-anon-enum-enum-conversion -fdiagnostics-show-option -Qunused-arguments -Wno-semicolon-before-method-body -ffunction-sections -fdata-sections    -fvisibility=hidden -fvisibility-inlines-hidden  -O3 -DNDEBUG  -DNDEBUG -arch arm64 -isysroot /Applications/Xcode.app/Contents/Developer/Platforms/MacOSX.platform/Developer/SDKs/MacOSX12.3.sdk -fPIE -MD -MT CMakeFiles/cmTC_790ef.dir/CheckSymbolExists.c.o -MF CMakeFiles/cmTC_790ef.dir/CheckSymbolExists.c.o.d -o CMakeFiles/cmTC_790ef.dir/CheckSymbolExists.c.o -c /Users/clementtongpersonal/Desktop/Programming/2022/SafelySail-AI/cv2/opencv-4.5.0/build/CMakeFiles/CMakeScratch/TryCompile-zJzGsB/CheckSymbolExists.c
Linking C executable cmTC_790ef
/opt/homebrew/Cellar/cmake/3.25.1/bin/cmake -E cmake_link_script CMakeFiles/cmTC_790ef.dir/link.txt --verbose=1
/Applications/Xcode.app/Contents/Developer/Toolchains/XcodeDefault.xctoolchain/usr/bin/cc    -fsigned-char -W -Wall    -Wformat -Wmissing-declarations -Wmissing-prototypes -Wstrict-prototypes -Wundef -Winit-self -Wpointer-arith -Wshadow -Wsign-promo -Wuninitialized -Winit-self -Wno-delete-non-virtual-dtor -Wno-unnamed-type-template-args -Wno-comment -Wno-deprecated-enum-enum-conversion -Wno-deprecated-anon-enum-enum-conversion -fdiagnostics-show-option -Qunused-arguments -Wno-semicolon-before-method-body -ffunction-sections -fdata-sections    -fvisibility=hidden -fvisibility-inlines-hidden  -O3 -DNDEBUG  -DNDEBUG -arch arm64 -isysroot /Applications/Xcode.app/Contents/Developer/Platforms/MacOSX.platform/Developer/SDKs/MacOSX12.3.sdk -Wl,-search_paths_first -Wl,-headerpad_max_install_names   -Wl,-dead_strip  CMakeFiles/cmTC_790ef.dir/CheckSymbolExists.c.o -o cmTC_790ef 


File CheckSymbolExists.c:
/* */
#include <stdlib.h>

int main(int argc, char** argv)
{
  (void)argv;
#ifndef posix_memalign
  return ((int*)(&posix_memalign))[argc];
#else
  (void)argc;
  return 0;
#endif
}
Determining if the function fseeko exists passed with the following output:
Change Dir: /Users/clementtongpersonal/Desktop/Programming/2022/SafelySail-AI/cv2/opencv-4.5.0/build/CMakeFiles/CMakeScratch/TryCompile-kBuL0T

Run Build Command(s):/usr/bin/make -f Makefile cmTC_a6ae5/fast && /Applications/Xcode.app/Contents/Developer/usr/bin/make  -f CMakeFiles/cmTC_a6ae5.dir/build.make CMakeFiles/cmTC_a6ae5.dir/build
Building C object CMakeFiles/cmTC_a6ae5.dir/CheckFunctionExists.c.o
/Applications/Xcode.app/Contents/Developer/Toolchains/XcodeDefault.xctoolchain/usr/bin/cc   -fsigned-char -W -Wall -Werror=return-type -Werror=non-virtual-dtor -Werror=address -Werror=sequence-point -Wformat -Werror=format-security -Wmissing-declarations -Wmissing-prototypes -Wstrict-prototypes -Wundef -Winit-self -Wpointer-arith -Wshadow -Wsign-promo -Wuninitialized -Winit-self -Wno-delete-non-virtual-dtor -Wno-unnamed-type-template-args -Wno-comment -Wno-deprecated-enum-enum-conversion -Wno-deprecated-anon-enum-enum-conversion -fdiagnostics-show-option -Qunused-arguments -Wno-semicolon-before-method-body -ffunction-sections -fdata-sections    -fvisibility=hidden -fvisibility-inlines-hidden -DCHECK_FUNCTION_EXISTS=fseeko -O3 -DNDEBUG  -DNDEBUG -arch arm64 -isysroot /Applications/Xcode.app/Contents/Developer/Platforms/MacOSX.platform/Developer/SDKs/MacOSX12.3.sdk -fPIE -MD -MT CMakeFiles/cmTC_a6ae5.dir/CheckFunctionExists.c.o -MF CMakeFiles/cmTC_a6ae5.dir/CheckFunctionExists.c.o.d -o CMakeFiles/cmTC_a6ae5.dir/CheckFunctionExists.c.o -c /Users/clementtongpersonal/Desktop/Programming/2022/SafelySail-AI/cv2/opencv-4.5.0/build/CMakeFiles/CMakeScratch/TryCompile-kBuL0T/CheckFunctionExists.c
Linking C executable cmTC_a6ae5
/opt/homebrew/Cellar/cmake/3.25.1/bin/cmake -E cmake_link_script CMakeFiles/cmTC_a6ae5.dir/link.txt --verbose=1
/Applications/Xcode.app/Contents/Developer/Toolchains/XcodeDefault.xctoolchain/usr/bin/cc    -fsigned-char -W -Wall -Werror=return-type -Werror=non-virtual-dtor -Werror=address -Werror=sequence-point -Wformat -Werror=format-security -Wmissing-declarations -Wmissing-prototypes -Wstrict-prototypes -Wundef -Winit-self -Wpointer-arith -Wshadow -Wsign-promo -Wuninitialized -Winit-self -Wno-delete-non-virtual-dtor -Wno-unnamed-type-template-args -Wno-comment -Wno-deprecated-enum-enum-conversion -Wno-deprecated-anon-enum-enum-conversion -fdiagnostics-show-option -Qunused-arguments -Wno-semicolon-before-method-body -ffunction-sections -fdata-sections    -fvisibility=hidden -fvisibility-inlines-hidden -DCHECK_FUNCTION_EXISTS=fseeko -O3 -DNDEBUG  -DNDEBUG -arch arm64 -isysroot /Applications/Xcode.app/Contents/Developer/Platforms/MacOSX.platform/Developer/SDKs/MacOSX12.3.sdk -Wl,-search_paths_first -Wl,-headerpad_max_install_names   -Wl,-dead_strip  CMakeFiles/cmTC_a6ae5.dir/CheckFunctionExists.c.o -o cmTC_a6ae5 



Determining if the include file unistd.h exists passed with the following output:
Change Dir: /Users/clementtongpersonal/Desktop/Programming/2022/SafelySail-AI/cv2/opencv-4.5.0/build/CMakeFiles/CMakeScratch/TryCompile-3HaGFp

Run Build Command(s):/usr/bin/make -f Makefile cmTC_d1676/fast && /Applications/Xcode.app/Contents/Developer/usr/bin/make  -f CMakeFiles/cmTC_d1676.dir/build.make CMakeFiles/cmTC_d1676.dir/build
Building C object CMakeFiles/cmTC_d1676.dir/CheckIncludeFile.c.o
/Applications/Xcode.app/Contents/Developer/Toolchains/XcodeDefault.xctoolchain/usr/bin/cc   -fsigned-char -W -Wall -Werror=return-type -Werror=non-virtual-dtor -Werror=address -Werror=sequence-point -Wformat -Werror=format-security -Wmissing-declarations -Wmissing-prototypes -Wstrict-prototypes -Wundef -Winit-self -Wpointer-arith -Wshadow -Wsign-promo -Wuninitialized -Winit-self -Wno-delete-non-virtual-dtor -Wno-unnamed-type-template-args -Wno-comment -Wno-deprecated-enum-enum-conversion -Wno-deprecated-anon-enum-enum-conversion -fdiagnostics-show-option -Qunused-arguments -Wno-semicolon-before-method-body -ffunction-sections -fdata-sections    -fvisibility=hidden -fvisibility-inlines-hidden  -O3 -DNDEBUG  -DNDEBUG -arch arm64 -isysroot /Applications/Xcode.app/Contents/Developer/Platforms/MacOSX.platform/Developer/SDKs/MacOSX12.3.sdk -fPIE -MD -MT CMakeFiles/cmTC_d1676.dir/CheckIncludeFile.c.o -MF CMakeFiles/cmTC_d1676.dir/CheckIncludeFile.c.o.d -o CMakeFiles/cmTC_d1676.dir/CheckIncludeFile.c.o -c /Users/clementtongpersonal/Desktop/Programming/2022/SafelySail-AI/cv2/opencv-4.5.0/build/CMakeFiles/CMakeScratch/TryCompile-3HaGFp/CheckIncludeFile.c
Linking C executable cmTC_d1676
/opt/homebrew/Cellar/cmake/3.25.1/bin/cmake -E cmake_link_script CMakeFiles/cmTC_d1676.dir/link.txt --verbose=1
/Applications/Xcode.app/Contents/Developer/Toolchains/XcodeDefault.xctoolchain/usr/bin/cc    -fsigned-char -W -Wall -Werror=return-type -Werror=non-virtual-dtor -Werror=address -Werror=sequence-point -Wformat -Werror=format-security -Wmissing-declarations -Wmissing-prototypes -Wstrict-prototypes -Wundef -Winit-self -Wpointer-arith -Wshadow -Wsign-promo -Wuninitialized -Winit-self -Wno-delete-non-virtual-dtor -Wno-unnamed-type-template-args -Wno-comment -Wno-deprecated-enum-enum-conversion -Wno-deprecated-anon-enum-enum-conversion -fdiagnostics-show-option -Qunused-arguments -Wno-semicolon-before-method-body -ffunction-sections -fdata-sections    -fvisibility=hidden -fvisibility-inlines-hidden  -O3 -DNDEBUG  -DNDEBUG -arch arm64 -isysroot /Applications/Xcode.app/Contents/Developer/Platforms/MacOSX.platform/Developer/SDKs/MacOSX12.3.sdk -Wl,-search_paths_first -Wl,-headerpad_max_install_names   -Wl,-dead_strip  CMakeFiles/cmTC_d1676.dir/CheckIncludeFile.c.o -o cmTC_d1676 



Determining if the include file sys/types.h exists passed with the following output:
Change Dir: /Users/clementtongpersonal/Desktop/Programming/2022/SafelySail-AI/cv2/opencv-4.5.0/build/CMakeFiles/CMakeScratch/TryCompile-6KXmAU

Run Build Command(s):/usr/bin/make -f Makefile cmTC_4f8d6/fast && /Applications/Xcode.app/Contents/Developer/usr/bin/make  -f CMakeFiles/cmTC_4f8d6.dir/build.make CMakeFiles/cmTC_4f8d6.dir/build
Building C object CMakeFiles/cmTC_4f8d6.dir/CheckIncludeFile.c.o
/Applications/Xcode.app/Contents/Developer/Toolchains/XcodeDefault.xctoolchain/usr/bin/cc   -fsigned-char -W -Wall -Werror=return-type -Werror=non-virtual-dtor -Werror=address -Werror=sequence-point -Wformat -Werror=format-security -Wmissing-declarations -Wmissing-prototypes -Wstrict-prototypes -Wundef -Winit-self -Wpointer-arith -Wshadow -Wsign-promo -Wuninitialized -Winit-self -Wno-delete-non-virtual-dtor -Wno-unnamed-type-template-args -Wno-comment -Wno-deprecated-enum-enum-conversion -Wno-deprecated-anon-enum-enum-conversion -fdiagnostics-show-option -Qunused-arguments -Wno-semicolon-before-method-body -ffunction-sections -fdata-sections    -fvisibility=hidden -fvisibility-inlines-hidden  -O3 -DNDEBUG  -DNDEBUG -arch arm64 -isysroot /Applications/Xcode.app/Contents/Developer/Platforms/MacOSX.platform/Developer/SDKs/MacOSX12.3.sdk -fPIE -MD -MT CMakeFiles/cmTC_4f8d6.dir/CheckIncludeFile.c.o -MF CMakeFiles/cmTC_4f8d6.dir/CheckIncludeFile.c.o.d -o CMakeFiles/cmTC_4f8d6.dir/CheckIncludeFile.c.o -c /Users/clementtongpersonal/Desktop/Programming/2022/SafelySail-AI/cv2/opencv-4.5.0/build/CMakeFiles/CMakeScratch/TryCompile-6KXmAU/CheckIncludeFile.c
Linking C executable cmTC_4f8d6
/opt/homebrew/Cellar/cmake/3.25.1/bin/cmake -E cmake_link_script CMakeFiles/cmTC_4f8d6.dir/link.txt --verbose=1
/Applications/Xcode.app/Contents/Developer/Toolchains/XcodeDefault.xctoolchain/usr/bin/cc    -fsigned-char -W -Wall -Werror=return-type -Werror=non-virtual-dtor -Werror=address -Werror=sequence-point -Wformat -Werror=format-security -Wmissing-declarations -Wmissing-prototypes -Wstrict-prototypes -Wundef -Winit-self -Wpointer-arith -Wshadow -Wsign-promo -Wuninitialized -Winit-self -Wno-delete-non-virtual-dtor -Wno-unnamed-type-template-args -Wno-comment -Wno-deprecated-enum-enum-conversion -Wno-deprecated-anon-enum-enum-conversion -fdiagnostics-show-option -Qunused-arguments -Wno-semicolon-before-method-body -ffunction-sections -fdata-sections    -fvisibility=hidden -fvisibility-inlines-hidden  -O3 -DNDEBUG  -DNDEBUG -arch arm64 -isysroot /Applications/Xcode.app/Contents/Developer/Platforms/MacOSX.platform/Developer/SDKs/MacOSX12.3.sdk -Wl,-search_paths_first -Wl,-headerpad_max_install_names   -Wl,-dead_strip  CMakeFiles/cmTC_4f8d6.dir/CheckIncludeFile.c.o -o cmTC_4f8d6 



Determining if the include file stdint.h exists passed with the following output:
Change Dir: /Users/clementtongpersonal/Desktop/Programming/2022/SafelySail-AI/cv2/opencv-4.5.0/build/CMakeFiles/CMakeScratch/TryCompile-sV1MiX

Run Build Command(s):/usr/bin/make -f Makefile cmTC_370e6/fast && /Applications/Xcode.app/Contents/Developer/usr/bin/make  -f CMakeFiles/cmTC_370e6.dir/build.make CMakeFiles/cmTC_370e6.dir/build
Building C object CMakeFiles/cmTC_370e6.dir/CheckIncludeFile.c.o
/Applications/Xcode.app/Contents/Developer/Toolchains/XcodeDefault.xctoolchain/usr/bin/cc   -fsigned-char -W -Wall -Werror=return-type -Werror=non-virtual-dtor -Werror=address -Werror=sequence-point -Wformat -Werror=format-security -Wmissing-declarations -Wmissing-prototypes -Wstrict-prototypes -Wundef -Winit-self -Wpointer-arith -Wshadow -Wsign-promo -Wuninitialized -Winit-self -Wno-delete-non-virtual-dtor -Wno-unnamed-type-template-args -Wno-comment -Wno-deprecated-enum-enum-conversion -Wno-deprecated-anon-enum-enum-conversion -fdiagnostics-show-option -Qunused-arguments -Wno-semicolon-before-method-body -ffunction-sections -fdata-sections    -fvisibility=hidden -fvisibility-inlines-hidden  -O3 -DNDEBUG  -DNDEBUG -arch arm64 -isysroot /Applications/Xcode.app/Contents/Developer/Platforms/MacOSX.platform/Developer/SDKs/MacOSX12.3.sdk -fPIE -MD -MT CMakeFiles/cmTC_370e6.dir/CheckIncludeFile.c.o -MF CMakeFiles/cmTC_370e6.dir/CheckIncludeFile.c.o.d -o CMakeFiles/cmTC_370e6.dir/CheckIncludeFile.c.o -c /Users/clementtongpersonal/Desktop/Programming/2022/SafelySail-AI/cv2/opencv-4.5.0/build/CMakeFiles/CMakeScratch/TryCompile-sV1MiX/CheckIncludeFile.c
Linking C executable cmTC_370e6
/opt/homebrew/Cellar/cmake/3.25.1/bin/cmake -E cmake_link_script CMakeFiles/cmTC_370e6.dir/link.txt --verbose=1
/Applications/Xcode.app/Contents/Developer/Toolchains/XcodeDefault.xctoolchain/usr/bin/cc    -fsigned-char -W -Wall -Werror=return-type -Werror=non-virtual-dtor -Werror=address -Werror=sequence-point -Wformat -Werror=format-security -Wmissing-declarations -Wmissing-prototypes -Wstrict-prototypes -Wundef -Winit-self -Wpointer-arith -Wshadow -Wsign-promo -Wuninitialized -Winit-self -Wno-delete-non-virtual-dtor -Wno-unnamed-type-template-args -Wno-comment -Wno-deprecated-enum-enum-conversion -Wno-deprecated-anon-enum-enum-conversion -fdiagnostics-show-option -Qunused-arguments -Wno-semicolon-before-method-body -ffunction-sections -fdata-sections    -fvisibility=hidden -fvisibility-inlines-hidden  -O3 -DNDEBUG  -DNDEBUG -arch arm64 -isysroot /Applications/Xcode.app/Contents/Developer/Platforms/MacOSX.platform/Developer/SDKs/MacOSX12.3.sdk -Wl,-search_paths_first -Wl,-headerpad_max_install_names   -Wl,-dead_strip  CMakeFiles/cmTC_370e6.dir/CheckIncludeFile.c.o -o cmTC_370e6 



Determining if the include file stddef.h exists passed with the following output:
Change Dir: /Users/clementtongpersonal/Desktop/Programming/2022/SafelySail-AI/cv2/opencv-4.5.0/build/CMakeFiles/CMakeScratch/TryCompile-gkL3Q7

Run Build Command(s):/usr/bin/make -f Makefile cmTC_1a2b1/fast && /Applications/Xcode.app/Contents/Developer/usr/bin/make  -f CMakeFiles/cmTC_1a2b1.dir/build.make CMakeFiles/cmTC_1a2b1.dir/build
Building C object CMakeFiles/cmTC_1a2b1.dir/CheckIncludeFile.c.o
/Applications/Xcode.app/Contents/Developer/Toolchains/XcodeDefault.xctoolchain/usr/bin/cc   -fsigned-char -W -Wall -Werror=return-type -Werror=non-virtual-dtor -Werror=address -Werror=sequence-point -Wformat -Werror=format-security -Wmissing-declarations -Wmissing-prototypes -Wstrict-prototypes -Wundef -Winit-self -Wpointer-arith -Wshadow -Wsign-promo -Wuninitialized -Winit-self -Wno-delete-non-virtual-dtor -Wno-unnamed-type-template-args -Wno-comment -Wno-deprecated-enum-enum-conversion -Wno-deprecated-anon-enum-enum-conversion -fdiagnostics-show-option -Qunused-arguments -Wno-semicolon-before-method-body -ffunction-sections -fdata-sections    -fvisibility=hidden -fvisibility-inlines-hidden  -O3 -DNDEBUG  -DNDEBUG -arch arm64 -isysroot /Applications/Xcode.app/Contents/Developer/Platforms/MacOSX.platform/Developer/SDKs/MacOSX12.3.sdk -fPIE -MD -MT CMakeFiles/cmTC_1a2b1.dir/CheckIncludeFile.c.o -MF CMakeFiles/cmTC_1a2b1.dir/CheckIncludeFile.c.o.d -o CMakeFiles/cmTC_1a2b1.dir/CheckIncludeFile.c.o -c /Users/clementtongpersonal/Desktop/Programming/2022/SafelySail-AI/cv2/opencv-4.5.0/build/CMakeFiles/CMakeScratch/TryCompile-gkL3Q7/CheckIncludeFile.c
Linking C executable cmTC_1a2b1
/opt/homebrew/Cellar/cmake/3.25.1/bin/cmake -E cmake_link_script CMakeFiles/cmTC_1a2b1.dir/link.txt --verbose=1
/Applications/Xcode.app/Contents/Developer/Toolchains/XcodeDefault.xctoolchain/usr/bin/cc    -fsigned-char -W -Wall -Werror=return-type -Werror=non-virtual-dtor -Werror=address -Werror=sequence-point -Wformat -Werror=format-security -Wmissing-declarations -Wmissing-prototypes -Wstrict-prototypes -Wundef -Winit-self -Wpointer-arith -Wshadow -Wsign-promo -Wuninitialized -Winit-self -Wno-delete-non-virtual-dtor -Wno-unnamed-type-template-args -Wno-comment -Wno-deprecated-enum-enum-conversion -Wno-deprecated-anon-enum-enum-conversion -fdiagnostics-show-option -Qunused-arguments -Wno-semicolon-before-method-body -ffunction-sections -fdata-sections    -fvisibility=hidden -fvisibility-inlines-hidden  -O3 -DNDEBUG  -DNDEBUG -arch arm64 -isysroot /Applications/Xcode.app/Contents/Developer/Platforms/MacOSX.platform/Developer/SDKs/MacOSX12.3.sdk -Wl,-search_paths_first -Wl,-headerpad_max_install_names   -Wl,-dead_strip  CMakeFiles/cmTC_1a2b1.dir/CheckIncludeFile.c.o -o cmTC_1a2b1 



Determining size of size_t passed with the following output:
Change Dir: /Users/clementtongpersonal/Desktop/Programming/2022/SafelySail-AI/cv2/opencv-4.5.0/build/CMakeFiles/CMakeScratch/TryCompile-MseoWw

Run Build Command(s):/usr/bin/make -f Makefile cmTC_64dbc/fast && /Applications/Xcode.app/Contents/Developer/usr/bin/make  -f CMakeFiles/cmTC_64dbc.dir/build.make CMakeFiles/cmTC_64dbc.dir/build
Building C object CMakeFiles/cmTC_64dbc.dir/SIZEOF_SIZE_T.c.o
/Applications/Xcode.app/Contents/Developer/Toolchains/XcodeDefault.xctoolchain/usr/bin/cc   -fsigned-char -W -Wall -Werror=return-type -Werror=non-virtual-dtor -Werror=address -Werror=sequence-point -Wformat -Werror=format-security -Wmissing-declarations -Wmissing-prototypes -Wstrict-prototypes -Wundef -Winit-self -Wpointer-arith -Wshadow -Wsign-promo -Wuninitialized -Winit-self -Wno-delete-non-virtual-dtor -Wno-unnamed-type-template-args -Wno-comment -Wno-deprecated-enum-enum-conversion -Wno-deprecated-anon-enum-enum-conversion -fdiagnostics-show-option -Qunused-arguments -Wno-semicolon-before-method-body -ffunction-sections -fdata-sections    -fvisibility=hidden -fvisibility-inlines-hidden -Wno-unused-parameter -Wno-sign-compare -Wno-shorten-64-to-32 -Wno-implicit-fallthrough  -O3 -DNDEBUG  -DNDEBUG -arch arm64 -isysroot /Applications/Xcode.app/Contents/Developer/Platforms/MacOSX.platform/Developer/SDKs/MacOSX12.3.sdk -fPIE -MD -MT CMakeFiles/cmTC_64dbc.dir/SIZEOF_SIZE_T.c.o -MF CMakeFiles/cmTC_64dbc.dir/SIZEOF_SIZE_T.c.o.d -o CMakeFiles/cmTC_64dbc.dir/SIZEOF_SIZE_T.c.o -c /Users/clementtongpersonal/Desktop/Programming/2022/SafelySail-AI/cv2/opencv-4.5.0/build/CMakeFiles/CMakeScratch/TryCompile-MseoWw/SIZEOF_SIZE_T.c
Linking C executable cmTC_64dbc
/opt/homebrew/Cellar/cmake/3.25.1/bin/cmake -E cmake_link_script CMakeFiles/cmTC_64dbc.dir/link.txt --verbose=1
/Applications/Xcode.app/Contents/Developer/Toolchains/XcodeDefault.xctoolchain/usr/bin/cc    -fsigned-char -W -Wall -Werror=return-type -Werror=non-virtual-dtor -Werror=address -Werror=sequence-point -Wformat -Werror=format-security -Wmissing-declarations -Wmissing-prototypes -Wstrict-prototypes -Wundef -Winit-self -Wpointer-arith -Wshadow -Wsign-promo -Wuninitialized -Winit-self -Wno-delete-non-virtual-dtor -Wno-unnamed-type-template-args -Wno-comment -Wno-deprecated-enum-enum-conversion -Wno-deprecated-anon-enum-enum-conversion -fdiagnostics-show-option -Qunused-arguments -Wno-semicolon-before-method-body -ffunction-sections -fdata-sections    -fvisibility=hidden -fvisibility-inlines-hidden -Wno-unused-parameter -Wno-sign-compare -Wno-shorten-64-to-32 -Wno-implicit-fallthrough  -O3 -DNDEBUG  -DNDEBUG -arch arm64 -isysroot /Applications/Xcode.app/Contents/Developer/Platforms/MacOSX.platform/Developer/SDKs/MacOSX12.3.sdk -Wl,-search_paths_first -Wl,-headerpad_max_install_names   -Wl,-dead_strip  CMakeFiles/cmTC_64dbc.dir/SIZEOF_SIZE_T.c.o -o cmTC_64dbc 



Determining size of unsigned long passed with the following output:
Change Dir: /Users/clementtongpersonal/Desktop/Programming/2022/SafelySail-AI/cv2/opencv-4.5.0/build/CMakeFiles/CMakeScratch/TryCompile-9VcxwU

Run Build Command(s):/usr/bin/make -f Makefile cmTC_b38eb/fast && /Applications/Xcode.app/Contents/Developer/usr/bin/make  -f CMakeFiles/cmTC_b38eb.dir/build.make CMakeFiles/cmTC_b38eb.dir/build
Building C object CMakeFiles/cmTC_b38eb.dir/SIZEOF_UNSIGNED_LONG.c.o
/Applications/Xcode.app/Contents/Developer/Toolchains/XcodeDefault.xctoolchain/usr/bin/cc   -fsigned-char -W -Wall -Werror=return-type -Werror=non-virtual-dtor -Werror=address -Werror=sequence-point -Wformat -Werror=format-security -Wmissing-declarations -Wmissing-prototypes -Wstrict-prototypes -Wundef -Winit-self -Wpointer-arith -Wshadow -Wsign-promo -Wuninitialized -Winit-self -Wno-delete-non-virtual-dtor -Wno-unnamed-type-template-args -Wno-comment -Wno-deprecated-enum-enum-conversion -Wno-deprecated-anon-enum-enum-conversion -fdiagnostics-show-option -Qunused-arguments -Wno-semicolon-before-method-body -ffunction-sections -fdata-sections    -fvisibility=hidden -fvisibility-inlines-hidden -Wno-unused-parameter -Wno-sign-compare -Wno-shorten-64-to-32 -Wno-implicit-fallthrough  -O3 -DNDEBUG  -DNDEBUG -arch arm64 -isysroot /Applications/Xcode.app/Contents/Developer/Platforms/MacOSX.platform/Developer/SDKs/MacOSX12.3.sdk -fPIE -MD -MT CMakeFiles/cmTC_b38eb.dir/SIZEOF_UNSIGNED_LONG.c.o -MF CMakeFiles/cmTC_b38eb.dir/SIZEOF_UNSIGNED_LONG.c.o.d -o CMakeFiles/cmTC_b38eb.dir/SIZEOF_UNSIGNED_LONG.c.o -c /Users/clementtongpersonal/Desktop/Programming/2022/SafelySail-AI/cv2/opencv-4.5.0/build/CMakeFiles/CMakeScratch/TryCompile-9VcxwU/SIZEOF_UNSIGNED_LONG.c
Linking C executable cmTC_b38eb
/opt/homebrew/Cellar/cmake/3.25.1/bin/cmake -E cmake_link_script CMakeFiles/cmTC_b38eb.dir/link.txt --verbose=1
/Applications/Xcode.app/Contents/Developer/Toolchains/XcodeDefault.xctoolchain/usr/bin/cc    -fsigned-char -W -Wall -Werror=return-type -Werror=non-virtual-dtor -Werror=address -Werror=sequence-point -Wformat -Werror=format-security -Wmissing-declarations -Wmissing-prototypes -Wstrict-prototypes -Wundef -Winit-self -Wpointer-arith -Wshadow -Wsign-promo -Wuninitialized -Winit-self -Wno-delete-non-virtual-dtor -Wno-unnamed-type-template-args -Wno-comment -Wno-deprecated-enum-enum-conversion -Wno-deprecated-anon-enum-enum-conversion -fdiagnostics-show-option -Qunused-arguments -Wno-semicolon-before-method-body -ffunction-sections -fdata-sections    -fvisibility=hidden -fvisibility-inlines-hidden -Wno-unused-parameter -Wno-sign-compare -Wno-shorten-64-to-32 -Wno-implicit-fallthrough  -O3 -DNDEBUG  -DNDEBUG -arch arm64 -isysroot /Applications/Xcode.app/Contents/Developer/Platforms/MacOSX.platform/Developer/SDKs/MacOSX12.3.sdk -Wl,-search_paths_first -Wl,-headerpad_max_install_names   -Wl,-dead_strip  CMakeFiles/cmTC_b38eb.dir/SIZEOF_UNSIGNED_LONG.c.o -o cmTC_b38eb 



Performing C SOURCE FILE Test HAVE_BUILTIN_CTZL succeeded with the following output:
Change Dir: /Users/clementtongpersonal/Desktop/Programming/2022/SafelySail-AI/cv2/opencv-4.5.0/build/CMakeFiles/CMakeScratch/TryCompile-R61wxz

Run Build Command(s):/usr/bin/make -f Makefile cmTC_3a8e3/fast && /Applications/Xcode.app/Contents/Developer/usr/bin/make  -f CMakeFiles/cmTC_3a8e3.dir/build.make CMakeFiles/cmTC_3a8e3.dir/build
Building C object CMakeFiles/cmTC_3a8e3.dir/src.c.o
/Applications/Xcode.app/Contents/Developer/Toolchains/XcodeDefault.xctoolchain/usr/bin/cc -DHAVE_BUILTIN_CTZL  -fsigned-char -W -Wall -Werror=return-type -Werror=non-virtual-dtor -Werror=address -Werror=sequence-point -Wformat -Werror=format-security -Wmissing-declarations -Wmissing-prototypes -Wstrict-prototypes -Wundef -Winit-self -Wpointer-arith -Wshadow -Wsign-promo -Wuninitialized -Winit-self -Wno-delete-non-virtual-dtor -Wno-unnamed-type-template-args -Wno-comment -Wno-deprecated-enum-enum-conversion -Wno-deprecated-anon-enum-enum-conversion -fdiagnostics-show-option -Qunused-arguments -Wno-semicolon-before-method-body -ffunction-sections -fdata-sections    -fvisibility=hidden -fvisibility-inlines-hidden -Wno-unused-parameter -Wno-sign-compare -Wno-shorten-64-to-32 -Wno-implicit-fallthrough  -O3 -DNDEBUG  -DNDEBUG -arch arm64 -isysroot /Applications/Xcode.app/Contents/Developer/Platforms/MacOSX.platform/Developer/SDKs/MacOSX12.3.sdk -fPIE -MD -MT CMakeFiles/cmTC_3a8e3.dir/src.c.o -MF CMakeFiles/cmTC_3a8e3.dir/src.c.o.d -o CMakeFiles/cmTC_3a8e3.dir/src.c.o -c /Users/clementtongpersonal/Desktop/Programming/2022/SafelySail-AI/cv2/opencv-4.5.0/build/CMakeFiles/CMakeScratch/TryCompile-R61wxz/src.c
Linking C executable cmTC_3a8e3
/opt/homebrew/Cellar/cmake/3.25.1/bin/cmake -E cmake_link_script CMakeFiles/cmTC_3a8e3.dir/link.txt --verbose=1
/Applications/Xcode.app/Contents/Developer/Toolchains/XcodeDefault.xctoolchain/usr/bin/cc    -fsigned-char -W -Wall -Werror=return-type -Werror=non-virtual-dtor -Werror=address -Werror=sequence-point -Wformat -Werror=format-security -Wmissing-declarations -Wmissing-prototypes -Wstrict-prototypes -Wundef -Winit-self -Wpointer-arith -Wshadow -Wsign-promo -Wuninitialized -Winit-self -Wno-delete-non-virtual-dtor -Wno-unnamed-type-template-args -Wno-comment -Wno-deprecated-enum-enum-conversion -Wno-deprecated-anon-enum-enum-conversion -fdiagnostics-show-option -Qunused-arguments -Wno-semicolon-before-method-body -ffunction-sections -fdata-sections    -fvisibility=hidden -fvisibility-inlines-hidden -Wno-unused-parameter -Wno-sign-compare -Wno-shorten-64-to-32 -Wno-implicit-fallthrough  -O3 -DNDEBUG  -DNDEBUG -arch arm64 -isysroot /Applications/Xcode.app/Contents/Developer/Platforms/MacOSX.platform/Developer/SDKs/MacOSX12.3.sdk -Wl,-search_paths_first -Wl,-headerpad_max_install_names   -Wl,-dead_strip  CMakeFiles/cmTC_3a8e3.dir/src.c.o -o cmTC_3a8e3 


Source file was:
int main(int argc, char **argv) { unsigned long a = argc;  return __builtin_ctzl(a); }

Determining if files locale.h exist passed with the following output:
Change Dir: /Users/clementtongpersonal/Desktop/Programming/2022/SafelySail-AI/cv2/opencv-4.5.0/build/CMakeFiles/CMakeScratch/TryCompile-Ly30ga

Run Build Command(s):/usr/bin/make -f Makefile cmTC_3ebb1/fast && /Applications/Xcode.app/Contents/Developer/usr/bin/make  -f CMakeFiles/cmTC_3ebb1.dir/build.make CMakeFiles/cmTC_3ebb1.dir/build
Building C object CMakeFiles/cmTC_3ebb1.dir/HAVE_LOCALE_H.c.o
/Applications/Xcode.app/Contents/Developer/Toolchains/XcodeDefault.xctoolchain/usr/bin/cc   -fsigned-char -W -Wall -Werror=return-type -Werror=non-virtual-dtor -Werror=address -Werror=sequence-point -Wformat -Werror=format-security -Wmissing-declarations -Wmissing-prototypes -Wstrict-prototypes -Wundef -Winit-self -Wpointer-arith -Wshadow -Wsign-promo -Wuninitialized -Winit-self -Wno-delete-non-virtual-dtor -Wno-unnamed-type-template-args -Wno-comment -Wno-deprecated-enum-enum-conversion -Wno-deprecated-anon-enum-enum-conversion -fdiagnostics-show-option -Qunused-arguments -Wno-semicolon-before-method-body -ffunction-sections -fdata-sections    -fvisibility=hidden -fvisibility-inlines-hidden -Wno-unused-parameter -Wno-sign-compare -Wno-shorten-64-to-32 -Wno-implicit-fallthrough  -O3 -DNDEBUG  -DNDEBUG -arch arm64 -isysroot /Applications/Xcode.app/Contents/Developer/Platforms/MacOSX.platform/Developer/SDKs/MacOSX12.3.sdk -fPIE -MD -MT CMakeFiles/cmTC_3ebb1.dir/HAVE_LOCALE_H.c.o -MF CMakeFiles/cmTC_3ebb1.dir/HAVE_LOCALE_H.c.o.d -o CMakeFiles/cmTC_3ebb1.dir/HAVE_LOCALE_H.c.o -c /Users/clementtongpersonal/Desktop/Programming/2022/SafelySail-AI/cv2/opencv-4.5.0/build/CMakeFiles/CMakeScratch/TryCompile-Ly30ga/HAVE_LOCALE_H.c
Linking C executable cmTC_3ebb1
/opt/homebrew/Cellar/cmake/3.25.1/bin/cmake -E cmake_link_script CMakeFiles/cmTC_3ebb1.dir/link.txt --verbose=1
/Applications/Xcode.app/Contents/Developer/Toolchains/XcodeDefault.xctoolchain/usr/bin/cc    -fsigned-char -W -Wall -Werror=return-type -Werror=non-virtual-dtor -Werror=address -Werror=sequence-point -Wformat -Werror=format-security -Wmissing-declarations -Wmissing-prototypes -Wstrict-prototypes -Wundef -Winit-self -Wpointer-arith -Wshadow -Wsign-promo -Wuninitialized -Winit-self -Wno-delete-non-virtual-dtor -Wno-unnamed-type-template-args -Wno-comment -Wno-deprecated-enum-enum-conversion -Wno-deprecated-anon-enum-enum-conversion -fdiagnostics-show-option -Qunused-arguments -Wno-semicolon-before-method-body -ffunction-sections -fdata-sections    -fvisibility=hidden -fvisibility-inlines-hidden -Wno-unused-parameter -Wno-sign-compare -Wno-shorten-64-to-32 -Wno-implicit-fallthrough  -O3 -DNDEBUG  -DNDEBUG -arch arm64 -isysroot /Applications/Xcode.app/Contents/Developer/Platforms/MacOSX.platform/Developer/SDKs/MacOSX12.3.sdk -Wl,-search_paths_first -Wl,-headerpad_max_install_names   -Wl,-dead_strip  CMakeFiles/cmTC_3ebb1.dir/HAVE_LOCALE_H.c.o -o cmTC_3ebb1 



Determining if files stdlib.h exist passed with the following output:
Change Dir: /Users/clementtongpersonal/Desktop/Programming/2022/SafelySail-AI/cv2/opencv-4.5.0/build/CMakeFiles/CMakeScratch/TryCompile-QBLTts

Run Build Command(s):/usr/bin/make -f Makefile cmTC_52716/fast && /Applications/Xcode.app/Contents/Developer/usr/bin/make  -f CMakeFiles/cmTC_52716.dir/build.make CMakeFiles/cmTC_52716.dir/build
Building C object CMakeFiles/cmTC_52716.dir/HAVE_STDLIB_H.c.o
/Applications/Xcode.app/Contents/Developer/Toolchains/XcodeDefault.xctoolchain/usr/bin/cc   -fsigned-char -W -Wall -Werror=return-type -Werror=non-virtual-dtor -Werror=address -Werror=sequence-point -Wformat -Werror=format-security -Wmissing-declarations -Wmissing-prototypes -Wstrict-prototypes -Wundef -Winit-self -Wpointer-arith -Wshadow -Wsign-promo -Wuninitialized -Winit-self -Wno-delete-non-virtual-dtor -Wno-unnamed-type-template-args -Wno-comment -Wno-deprecated-enum-enum-conversion -Wno-deprecated-anon-enum-enum-conversion -fdiagnostics-show-option -Qunused-arguments -Wno-semicolon-before-method-body -ffunction-sections -fdata-sections    -fvisibility=hidden -fvisibility-inlines-hidden -Wno-unused-parameter -Wno-sign-compare -Wno-shorten-64-to-32 -Wno-implicit-fallthrough  -O3 -DNDEBUG  -DNDEBUG -arch arm64 -isysroot /Applications/Xcode.app/Contents/Developer/Platforms/MacOSX.platform/Developer/SDKs/MacOSX12.3.sdk -fPIE -MD -MT CMakeFiles/cmTC_52716.dir/HAVE_STDLIB_H.c.o -MF CMakeFiles/cmTC_52716.dir/HAVE_STDLIB_H.c.o.d -o CMakeFiles/cmTC_52716.dir/HAVE_STDLIB_H.c.o -c /Users/clementtongpersonal/Desktop/Programming/2022/SafelySail-AI/cv2/opencv-4.5.0/build/CMakeFiles/CMakeScratch/TryCompile-QBLTts/HAVE_STDLIB_H.c
Linking C executable cmTC_52716
/opt/homebrew/Cellar/cmake/3.25.1/bin/cmake -E cmake_link_script CMakeFiles/cmTC_52716.dir/link.txt --verbose=1
/Applications/Xcode.app/Contents/Developer/Toolchains/XcodeDefault.xctoolchain/usr/bin/cc    -fsigned-char -W -Wall -Werror=return-type -Werror=non-virtual-dtor -Werror=address -Werror=sequence-point -Wformat -Werror=format-security -Wmissing-declarations -Wmissing-prototypes -Wstrict-prototypes -Wundef -Winit-self -Wpointer-arith -Wshadow -Wsign-promo -Wuninitialized -Winit-self -Wno-delete-non-virtual-dtor -Wno-unnamed-type-template-args -Wno-comment -Wno-deprecated-enum-enum-conversion -Wno-deprecated-anon-enum-enum-conversion -fdiagnostics-show-option -Qunused-arguments -Wno-semicolon-before-method-body -ffunction-sections -fdata-sections    -fvisibility=hidden -fvisibility-inlines-hidden -Wno-unused-parameter -Wno-sign-compare -Wno-shorten-64-to-32 -Wno-implicit-fallthrough  -O3 -DNDEBUG  -DNDEBUG -arch arm64 -isysroot /Applications/Xcode.app/Contents/Developer/Platforms/MacOSX.platform/Developer/SDKs/MacOSX12.3.sdk -Wl,-search_paths_first -Wl,-headerpad_max_install_names   -Wl,-dead_strip  CMakeFiles/cmTC_52716.dir/HAVE_STDLIB_H.c.o -o cmTC_52716 



Determining if files sys/types.h exist passed with the following output:
Change Dir: /Users/clementtongpersonal/Desktop/Programming/2022/SafelySail-AI/cv2/opencv-4.5.0/build/CMakeFiles/CMakeScratch/TryCompile-lBVRii

Run Build Command(s):/usr/bin/make -f Makefile cmTC_57854/fast && /Applications/Xcode.app/Contents/Developer/usr/bin/make  -f CMakeFiles/cmTC_57854.dir/build.make CMakeFiles/cmTC_57854.dir/build
Building C object CMakeFiles/cmTC_57854.dir/NEED_SYS_TYPES_H.c.o
/Applications/Xcode.app/Contents/Developer/Toolchains/XcodeDefault.xctoolchain/usr/bin/cc   -fsigned-char -W -Wall -Werror=return-type -Werror=non-virtual-dtor -Werror=address -Werror=sequence-point -Wformat -Werror=format-security -Wmissing-declarations -Wmissing-prototypes -Wstrict-prototypes -Wundef -Winit-self -Wpointer-arith -Wshadow -Wsign-promo -Wuninitialized -Winit-self -Wno-delete-non-virtual-dtor -Wno-unnamed-type-template-args -Wno-comment -Wno-deprecated-enum-enum-conversion -Wno-deprecated-anon-enum-enum-conversion -fdiagnostics-show-option -Qunused-arguments -Wno-semicolon-before-method-body -ffunction-sections -fdata-sections    -fvisibility=hidden -fvisibility-inlines-hidden -Wno-unused-parameter -Wno-sign-compare -Wno-shorten-64-to-32 -Wno-implicit-fallthrough  -O3 -DNDEBUG  -DNDEBUG -arch arm64 -isysroot /Applications/Xcode.app/Contents/Developer/Platforms/MacOSX.platform/Developer/SDKs/MacOSX12.3.sdk -fPIE -MD -MT CMakeFiles/cmTC_57854.dir/NEED_SYS_TYPES_H.c.o -MF CMakeFiles/cmTC_57854.dir/NEED_SYS_TYPES_H.c.o.d -o CMakeFiles/cmTC_57854.dir/NEED_SYS_TYPES_H.c.o -c /Users/clementtongpersonal/Desktop/Programming/2022/SafelySail-AI/cv2/opencv-4.5.0/build/CMakeFiles/CMakeScratch/TryCompile-lBVRii/NEED_SYS_TYPES_H.c
Linking C executable cmTC_57854
/opt/homebrew/Cellar/cmake/3.25.1/bin/cmake -E cmake_link_script CMakeFiles/cmTC_57854.dir/link.txt --verbose=1
/Applications/Xcode.app/Contents/Developer/Toolchains/XcodeDefault.xctoolchain/usr/bin/cc    -fsigned-char -W -Wall -Werror=return-type -Werror=non-virtual-dtor -Werror=address -Werror=sequence-point -Wformat -Werror=format-security -Wmissing-declarations -Wmissing-prototypes -Wstrict-prototypes -Wundef -Winit-self -Wpointer-arith -Wshadow -Wsign-promo -Wuninitialized -Winit-self -Wno-delete-non-virtual-dtor -Wno-unnamed-type-template-args -Wno-comment -Wno-deprecated-enum-enum-conversion -Wno-deprecated-anon-enum-enum-conversion -fdiagnostics-show-option -Qunused-arguments -Wno-semicolon-before-method-body -ffunction-sections -fdata-sections    -fvisibility=hidden -fvisibility-inlines-hidden -Wno-unused-parameter -Wno-sign-compare -Wno-shorten-64-to-32 -Wno-implicit-fallthrough  -O3 -DNDEBUG  -DNDEBUG -arch arm64 -isysroot /Applications/Xcode.app/Contents/Developer/Platforms/MacOSX.platform/Developer/SDKs/MacOSX12.3.sdk -Wl,-search_paths_first -Wl,-headerpad_max_install_names   -Wl,-dead_strip  CMakeFiles/cmTC_57854.dir/NEED_SYS_TYPES_H.c.o -o cmTC_57854 



Determining if the include file assert.h exists passed with the following output:
Change Dir: /Users/clementtongpersonal/Desktop/Programming/2022/SafelySail-AI/cv2/opencv-4.5.0/build/CMakeFiles/CMakeScratch/TryCompile-r78CpP

Run Build Command(s):/usr/bin/make -f Makefile cmTC_41fc7/fast && /Applications/Xcode.app/Contents/Developer/usr/bin/make  -f CMakeFiles/cmTC_41fc7.dir/build.make CMakeFiles/cmTC_41fc7.dir/build
Building C object CMakeFiles/cmTC_41fc7.dir/CheckIncludeFile.c.o
/Applications/Xcode.app/Contents/Developer/Toolchains/XcodeDefault.xctoolchain/usr/bin/cc   -fsigned-char -W -Wall -Werror=return-type -Werror=non-virtual-dtor -Werror=address -Werror=sequence-point -Wformat -Werror=format-security -Wmissing-declarations -Wmissing-prototypes -Wstrict-prototypes -Wundef -Winit-self -Wpointer-arith -Wshadow -Wsign-promo -Wuninitialized -Winit-self -Wno-delete-non-virtual-dtor -Wno-unnamed-type-template-args -Wno-comment -Wno-deprecated-enum-enum-conversion -Wno-deprecated-anon-enum-enum-conversion -fdiagnostics-show-option -Qunused-arguments -Wno-semicolon-before-method-body -ffunction-sections -fdata-sections    -fvisibility=hidden -fvisibility-inlines-hidden  -O3 -DNDEBUG  -DNDEBUG -arch arm64 -isysroot /Applications/Xcode.app/Contents/Developer/Platforms/MacOSX.platform/Developer/SDKs/MacOSX12.3.sdk -fPIE -MD -MT CMakeFiles/cmTC_41fc7.dir/CheckIncludeFile.c.o -MF CMakeFiles/cmTC_41fc7.dir/CheckIncludeFile.c.o.d -o CMakeFiles/cmTC_41fc7.dir/CheckIncludeFile.c.o -c /Users/clementtongpersonal/Desktop/Programming/2022/SafelySail-AI/cv2/opencv-4.5.0/build/CMakeFiles/CMakeScratch/TryCompile-r78CpP/CheckIncludeFile.c
Linking C executable cmTC_41fc7
/opt/homebrew/Cellar/cmake/3.25.1/bin/cmake -E cmake_link_script CMakeFiles/cmTC_41fc7.dir/link.txt --verbose=1
/Applications/Xcode.app/Contents/Developer/Toolchains/XcodeDefault.xctoolchain/usr/bin/cc    -fsigned-char -W -Wall -Werror=return-type -Werror=non-virtual-dtor -Werror=address -Werror=sequence-point -Wformat -Werror=format-security -Wmissing-declarations -Wmissing-prototypes -Wstrict-prototypes -Wundef -Winit-self -Wpointer-arith -Wshadow -Wsign-promo -Wuninitialized -Winit-self -Wno-delete-non-virtual-dtor -Wno-unnamed-type-template-args -Wno-comment -Wno-deprecated-enum-enum-conversion -Wno-deprecated-anon-enum-enum-conversion -fdiagnostics-show-option -Qunused-arguments -Wno-semicolon-before-method-body -ffunction-sections -fdata-sections    -fvisibility=hidden -fvisibility-inlines-hidden  -O3 -DNDEBUG  -DNDEBUG -arch arm64 -isysroot /Applications/Xcode.app/Contents/Developer/Platforms/MacOSX.platform/Developer/SDKs/MacOSX12.3.sdk -Wl,-search_paths_first -Wl,-headerpad_max_install_names   -Wl,-dead_strip  CMakeFiles/cmTC_41fc7.dir/CheckIncludeFile.c.o -o cmTC_41fc7 



Determining if the include file dlfcn.h exists passed with the following output:
Change Dir: /Users/clementtongpersonal/Desktop/Programming/2022/SafelySail-AI/cv2/opencv-4.5.0/build/CMakeFiles/CMakeScratch/TryCompile-TZtOd5

Run Build Command(s):/usr/bin/make -f Makefile cmTC_d2b46/fast && /Applications/Xcode.app/Contents/Developer/usr/bin/make  -f CMakeFiles/cmTC_d2b46.dir/build.make CMakeFiles/cmTC_d2b46.dir/build
Building C object CMakeFiles/cmTC_d2b46.dir/CheckIncludeFile.c.o
/Applications/Xcode.app/Contents/Developer/Toolchains/XcodeDefault.xctoolchain/usr/bin/cc   -fsigned-char -W -Wall -Werror=return-type -Werror=non-virtual-dtor -Werror=address -Werror=sequence-point -Wformat -Werror=format-security -Wmissing-declarations -Wmissing-prototypes -Wstrict-prototypes -Wundef -Winit-self -Wpointer-arith -Wshadow -Wsign-promo -Wuninitialized -Winit-self -Wno-delete-non-virtual-dtor -Wno-unnamed-type-template-args -Wno-comment -Wno-deprecated-enum-enum-conversion -Wno-deprecated-anon-enum-enum-conversion -fdiagnostics-show-option -Qunused-arguments -Wno-semicolon-before-method-body -ffunction-sections -fdata-sections    -fvisibility=hidden -fvisibility-inlines-hidden  -O3 -DNDEBUG  -DNDEBUG -arch arm64 -isysroot /Applications/Xcode.app/Contents/Developer/Platforms/MacOSX.platform/Developer/SDKs/MacOSX12.3.sdk -fPIE -MD -MT CMakeFiles/cmTC_d2b46.dir/CheckIncludeFile.c.o -MF CMakeFiles/cmTC_d2b46.dir/CheckIncludeFile.c.o.d -o CMakeFiles/cmTC_d2b46.dir/CheckIncludeFile.c.o -c /Users/clementtongpersonal/Desktop/Programming/2022/SafelySail-AI/cv2/opencv-4.5.0/build/CMakeFiles/CMakeScratch/TryCompile-TZtOd5/CheckIncludeFile.c
Linking C executable cmTC_d2b46
/opt/homebrew/Cellar/cmake/3.25.1/bin/cmake -E cmake_link_script CMakeFiles/cmTC_d2b46.dir/link.txt --verbose=1
/Applications/Xcode.app/Contents/Developer/Toolchains/XcodeDefault.xctoolchain/usr/bin/cc    -fsigned-char -W -Wall -Werror=return-type -Werror=non-virtual-dtor -Werror=address -Werror=sequence-point -Wformat -Werror=format-security -Wmissing-declarations -Wmissing-prototypes -Wstrict-prototypes -Wundef -Winit-self -Wpointer-arith -Wshadow -Wsign-promo -Wuninitialized -Winit-self -Wno-delete-non-virtual-dtor -Wno-unnamed-type-template-args -Wno-comment -Wno-deprecated-enum-enum-conversion -Wno-deprecated-anon-enum-enum-conversion -fdiagnostics-show-option -Qunused-arguments -Wno-semicolon-before-method-body -ffunction-sections -fdata-sections    -fvisibility=hidden -fvisibility-inlines-hidden  -O3 -DNDEBUG  -DNDEBUG -arch arm64 -isysroot /Applications/Xcode.app/Contents/Developer/Platforms/MacOSX.platform/Developer/SDKs/MacOSX12.3.sdk -Wl,-search_paths_first -Wl,-headerpad_max_install_names   -Wl,-dead_strip  CMakeFiles/cmTC_d2b46.dir/CheckIncludeFile.c.o -o cmTC_d2b46 



Determining if the include file fcntl.h exists passed with the following output:
Change Dir: /Users/clementtongpersonal/Desktop/Programming/2022/SafelySail-AI/cv2/opencv-4.5.0/build/CMakeFiles/CMakeScratch/TryCompile-7BHnXA

Run Build Command(s):/usr/bin/make -f Makefile cmTC_a7bc6/fast && /Applications/Xcode.app/Contents/Developer/usr/bin/make  -f CMakeFiles/cmTC_a7bc6.dir/build.make CMakeFiles/cmTC_a7bc6.dir/build
Building C object CMakeFiles/cmTC_a7bc6.dir/CheckIncludeFile.c.o
/Applications/Xcode.app/Contents/Developer/Toolchains/XcodeDefault.xctoolchain/usr/bin/cc   -fsigned-char -W -Wall -Werror=return-type -Werror=non-virtual-dtor -Werror=address -Werror=sequence-point -Wformat -Werror=format-security -Wmissing-declarations -Wmissing-prototypes -Wstrict-prototypes -Wundef -Winit-self -Wpointer-arith -Wshadow -Wsign-promo -Wuninitialized -Winit-self -Wno-delete-non-virtual-dtor -Wno-unnamed-type-template-args -Wno-comment -Wno-deprecated-enum-enum-conversion -Wno-deprecated-anon-enum-enum-conversion -fdiagnostics-show-option -Qunused-arguments -Wno-semicolon-before-method-body -ffunction-sections -fdata-sections    -fvisibility=hidden -fvisibility-inlines-hidden  -O3 -DNDEBUG  -DNDEBUG -arch arm64 -isysroot /Applications/Xcode.app/Contents/Developer/Platforms/MacOSX.platform/Developer/SDKs/MacOSX12.3.sdk -fPIE -MD -MT CMakeFiles/cmTC_a7bc6.dir/CheckIncludeFile.c.o -MF CMakeFiles/cmTC_a7bc6.dir/CheckIncludeFile.c.o.d -o CMakeFiles/cmTC_a7bc6.dir/CheckIncludeFile.c.o -c /Users/clementtongpersonal/Desktop/Programming/2022/SafelySail-AI/cv2/opencv-4.5.0/build/CMakeFiles/CMakeScratch/TryCompile-7BHnXA/CheckIncludeFile.c
Linking C executable cmTC_a7bc6
/opt/homebrew/Cellar/cmake/3.25.1/bin/cmake -E cmake_link_script CMakeFiles/cmTC_a7bc6.dir/link.txt --verbose=1
/Applications/Xcode.app/Contents/Developer/Toolchains/XcodeDefault.xctoolchain/usr/bin/cc    -fsigned-char -W -Wall -Werror=return-type -Werror=non-virtual-dtor -Werror=address -Werror=sequence-point -Wformat -Werror=format-security -Wmissing-declarations -Wmissing-prototypes -Wstrict-prototypes -Wundef -Winit-self -Wpointer-arith -Wshadow -Wsign-promo -Wuninitialized -Winit-self -Wno-delete-non-virtual-dtor -Wno-unnamed-type-template-args -Wno-comment -Wno-deprecated-enum-enum-conversion -Wno-deprecated-anon-enum-enum-conversion -fdiagnostics-show-option -Qunused-arguments -Wno-semicolon-before-method-body -ffunction-sections -fdata-sections    -fvisibility=hidden -fvisibility-inlines-hidden  -O3 -DNDEBUG  -DNDEBUG -arch arm64 -isysroot /Applications/Xcode.app/Contents/Developer/Platforms/MacOSX.platform/Developer/SDKs/MacOSX12.3.sdk -Wl,-search_paths_first -Wl,-headerpad_max_install_names   -Wl,-dead_strip  CMakeFiles/cmTC_a7bc6.dir/CheckIncludeFile.c.o -o cmTC_a7bc6 



Determining if the include file inttypes.h exists passed with the following output:
Change Dir: /Users/clementtongpersonal/Desktop/Programming/2022/SafelySail-AI/cv2/opencv-4.5.0/build/CMakeFiles/CMakeScratch/TryCompile-akpXJK

Run Build Command(s):/usr/bin/make -f Makefile cmTC_98696/fast && /Applications/Xcode.app/Contents/Developer/usr/bin/make  -f CMakeFiles/cmTC_98696.dir/build.make CMakeFiles/cmTC_98696.dir/build
Building C object CMakeFiles/cmTC_98696.dir/CheckIncludeFile.c.o
/Applications/Xcode.app/Contents/Developer/Toolchains/XcodeDefault.xctoolchain/usr/bin/cc   -fsigned-char -W -Wall -Werror=return-type -Werror=non-virtual-dtor -Werror=address -Werror=sequence-point -Wformat -Werror=format-security -Wmissing-declarations -Wmissing-prototypes -Wstrict-prototypes -Wundef -Winit-self -Wpointer-arith -Wshadow -Wsign-promo -Wuninitialized -Winit-self -Wno-delete-non-virtual-dtor -Wno-unnamed-type-template-args -Wno-comment -Wno-deprecated-enum-enum-conversion -Wno-deprecated-anon-enum-enum-conversion -fdiagnostics-show-option -Qunused-arguments -Wno-semicolon-before-method-body -ffunction-sections -fdata-sections    -fvisibility=hidden -fvisibility-inlines-hidden  -O3 -DNDEBUG  -DNDEBUG -arch arm64 -isysroot /Applications/Xcode.app/Contents/Developer/Platforms/MacOSX.platform/Developer/SDKs/MacOSX12.3.sdk -fPIE -MD -MT CMakeFiles/cmTC_98696.dir/CheckIncludeFile.c.o -MF CMakeFiles/cmTC_98696.dir/CheckIncludeFile.c.o.d -o CMakeFiles/cmTC_98696.dir/CheckIncludeFile.c.o -c /Users/clementtongpersonal/Desktop/Programming/2022/SafelySail-AI/cv2/opencv-4.5.0/build/CMakeFiles/CMakeScratch/TryCompile-akpXJK/CheckIncludeFile.c
Linking C executable cmTC_98696
/opt/homebrew/Cellar/cmake/3.25.1/bin/cmake -E cmake_link_script CMakeFiles/cmTC_98696.dir/link.txt --verbose=1
/Applications/Xcode.app/Contents/Developer/Toolchains/XcodeDefault.xctoolchain/usr/bin/cc    -fsigned-char -W -Wall -Werror=return-type -Werror=non-virtual-dtor -Werror=address -Werror=sequence-point -Wformat -Werror=format-security -Wmissing-declarations -Wmissing-prototypes -Wstrict-prototypes -Wundef -Winit-self -Wpointer-arith -Wshadow -Wsign-promo -Wuninitialized -Winit-self -Wno-delete-non-virtual-dtor -Wno-unnamed-type-template-args -Wno-comment -Wno-deprecated-enum-enum-conversion -Wno-deprecated-anon-enum-enum-conversion -fdiagnostics-show-option -Qunused-arguments -Wno-semicolon-before-method-body -ffunction-sections -fdata-sections    -fvisibility=hidden -fvisibility-inlines-hidden  -O3 -DNDEBUG  -DNDEBUG -arch arm64 -isysroot /Applications/Xcode.app/Contents/Developer/Platforms/MacOSX.platform/Developer/SDKs/MacOSX12.3.sdk -Wl,-search_paths_first -Wl,-headerpad_max_install_names   -Wl,-dead_strip  CMakeFiles/cmTC_98696.dir/CheckIncludeFile.c.o -o cmTC_98696 



Determining if the include file limits.h exists passed with the following output:
Change Dir: /Users/clementtongpersonal/Desktop/Programming/2022/SafelySail-AI/cv2/opencv-4.5.0/build/CMakeFiles/CMakeScratch/TryCompile-rnQvgF

Run Build Command(s):/usr/bin/make -f Makefile cmTC_0240f/fast && /Applications/Xcode.app/Contents/Developer/usr/bin/make  -f CMakeFiles/cmTC_0240f.dir/build.make CMakeFiles/cmTC_0240f.dir/build
Building C object CMakeFiles/cmTC_0240f.dir/CheckIncludeFile.c.o
/Applications/Xcode.app/Contents/Developer/Toolchains/XcodeDefault.xctoolchain/usr/bin/cc   -fsigned-char -W -Wall -Werror=return-type -Werror=non-virtual-dtor -Werror=address -Werror=sequence-point -Wformat -Werror=format-security -Wmissing-declarations -Wmissing-prototypes -Wstrict-prototypes -Wundef -Winit-self -Wpointer-arith -Wshadow -Wsign-promo -Wuninitialized -Winit-self -Wno-delete-non-virtual-dtor -Wno-unnamed-type-template-args -Wno-comment -Wno-deprecated-enum-enum-conversion -Wno-deprecated-anon-enum-enum-conversion -fdiagnostics-show-option -Qunused-arguments -Wno-semicolon-before-method-body -ffunction-sections -fdata-sections    -fvisibility=hidden -fvisibility-inlines-hidden  -O3 -DNDEBUG  -DNDEBUG -arch arm64 -isysroot /Applications/Xcode.app/Contents/Developer/Platforms/MacOSX.platform/Developer/SDKs/MacOSX12.3.sdk -fPIE -MD -MT CMakeFiles/cmTC_0240f.dir/CheckIncludeFile.c.o -MF CMakeFiles/cmTC_0240f.dir/CheckIncludeFile.c.o.d -o CMakeFiles/cmTC_0240f.dir/CheckIncludeFile.c.o -c /Users/clementtongpersonal/Desktop/Programming/2022/SafelySail-AI/cv2/opencv-4.5.0/build/CMakeFiles/CMakeScratch/TryCompile-rnQvgF/CheckIncludeFile.c
Linking C executable cmTC_0240f
/opt/homebrew/Cellar/cmake/3.25.1/bin/cmake -E cmake_link_script CMakeFiles/cmTC_0240f.dir/link.txt --verbose=1
/Applications/Xcode.app/Contents/Developer/Toolchains/XcodeDefault.xctoolchain/usr/bin/cc    -fsigned-char -W -Wall -Werror=return-type -Werror=non-virtual-dtor -Werror=address -Werror=sequence-point -Wformat -Werror=format-security -Wmissing-declarations -Wmissing-prototypes -Wstrict-prototypes -Wundef -Winit-self -Wpointer-arith -Wshadow -Wsign-promo -Wuninitialized -Winit-self -Wno-delete-non-virtual-dtor -Wno-unnamed-type-template-args -Wno-comment -Wno-deprecated-enum-enum-conversion -Wno-deprecated-anon-enum-enum-conversion -fdiagnostics-show-option -Qunused-arguments -Wno-semicolon-before-method-body -ffunction-sections -fdata-sections    -fvisibility=hidden -fvisibility-inlines-hidden  -O3 -DNDEBUG  -DNDEBUG -arch arm64 -isysroot /Applications/Xcode.app/Contents/Developer/Platforms/MacOSX.platform/Developer/SDKs/MacOSX12.3.sdk -Wl,-search_paths_first -Wl,-headerpad_max_install_names   -Wl,-dead_strip  CMakeFiles/cmTC_0240f.dir/CheckIncludeFile.c.o -o cmTC_0240f 



Determining if the include file memory.h exists passed with the following output:
Change Dir: /Users/clementtongpersonal/Desktop/Programming/2022/SafelySail-AI/cv2/opencv-4.5.0/build/CMakeFiles/CMakeScratch/TryCompile-L7AAAS

Run Build Command(s):/usr/bin/make -f Makefile cmTC_7bb4a/fast && /Applications/Xcode.app/Contents/Developer/usr/bin/make  -f CMakeFiles/cmTC_7bb4a.dir/build.make CMakeFiles/cmTC_7bb4a.dir/build
Building C object CMakeFiles/cmTC_7bb4a.dir/CheckIncludeFile.c.o
/Applications/Xcode.app/Contents/Developer/Toolchains/XcodeDefault.xctoolchain/usr/bin/cc   -fsigned-char -W -Wall -Werror=return-type -Werror=non-virtual-dtor -Werror=address -Werror=sequence-point -Wformat -Werror=format-security -Wmissing-declarations -Wmissing-prototypes -Wstrict-prototypes -Wundef -Winit-self -Wpointer-arith -Wshadow -Wsign-promo -Wuninitialized -Winit-self -Wno-delete-non-virtual-dtor -Wno-unnamed-type-template-args -Wno-comment -Wno-deprecated-enum-enum-conversion -Wno-deprecated-anon-enum-enum-conversion -fdiagnostics-show-option -Qunused-arguments -Wno-semicolon-before-method-body -ffunction-sections -fdata-sections    -fvisibility=hidden -fvisibility-inlines-hidden  -O3 -DNDEBUG  -DNDEBUG -arch arm64 -isysroot /Applications/Xcode.app/Contents/Developer/Platforms/MacOSX.platform/Developer/SDKs/MacOSX12.3.sdk -fPIE -MD -MT CMakeFiles/cmTC_7bb4a.dir/CheckIncludeFile.c.o -MF CMakeFiles/cmTC_7bb4a.dir/CheckIncludeFile.c.o.d -o CMakeFiles/cmTC_7bb4a.dir/CheckIncludeFile.c.o -c /Users/clementtongpersonal/Desktop/Programming/2022/SafelySail-AI/cv2/opencv-4.5.0/build/CMakeFiles/CMakeScratch/TryCompile-L7AAAS/CheckIncludeFile.c
Linking C executable cmTC_7bb4a
/opt/homebrew/Cellar/cmake/3.25.1/bin/cmake -E cmake_link_script CMakeFiles/cmTC_7bb4a.dir/link.txt --verbose=1
/Applications/Xcode.app/Contents/Developer/Toolchains/XcodeDefault.xctoolchain/usr/bin/cc    -fsigned-char -W -Wall -Werror=return-type -Werror=non-virtual-dtor -Werror=address -Werror=sequence-point -Wformat -Werror=format-security -Wmissing-declarations -Wmissing-prototypes -Wstrict-prototypes -Wundef -Winit-self -Wpointer-arith -Wshadow -Wsign-promo -Wuninitialized -Winit-self -Wno-delete-non-virtual-dtor -Wno-unnamed-type-template-args -Wno-comment -Wno-deprecated-enum-enum-conversion -Wno-deprecated-anon-enum-enum-conversion -fdiagnostics-show-option -Qunused-arguments -Wno-semicolon-before-method-body -ffunction-sections -fdata-sections    -fvisibility=hidden -fvisibility-inlines-hidden  -O3 -DNDEBUG  -DNDEBUG -arch arm64 -isysroot /Applications/Xcode.app/Contents/Developer/Platforms/MacOSX.platform/Developer/SDKs/MacOSX12.3.sdk -Wl,-search_paths_first -Wl,-headerpad_max_install_names   -Wl,-dead_strip  CMakeFiles/cmTC_7bb4a.dir/CheckIncludeFile.c.o -o cmTC_7bb4a 



Determining if the include file search.h exists passed with the following output:
Change Dir: /Users/clementtongpersonal/Desktop/Programming/2022/SafelySail-AI/cv2/opencv-4.5.0/build/CMakeFiles/CMakeScratch/TryCompile-i5xlvr

Run Build Command(s):/usr/bin/make -f Makefile cmTC_dc47f/fast && /Applications/Xcode.app/Contents/Developer/usr/bin/make  -f CMakeFiles/cmTC_dc47f.dir/build.make CMakeFiles/cmTC_dc47f.dir/build
Building C object CMakeFiles/cmTC_dc47f.dir/CheckIncludeFile.c.o
/Applications/Xcode.app/Contents/Developer/Toolchains/XcodeDefault.xctoolchain/usr/bin/cc   -fsigned-char -W -Wall -Werror=return-type -Werror=non-virtual-dtor -Werror=address -Werror=sequence-point -Wformat -Werror=format-security -Wmissing-declarations -Wmissing-prototypes -Wstrict-prototypes -Wundef -Winit-self -Wpointer-arith -Wshadow -Wsign-promo -Wuninitialized -Winit-self -Wno-delete-non-virtual-dtor -Wno-unnamed-type-template-args -Wno-comment -Wno-deprecated-enum-enum-conversion -Wno-deprecated-anon-enum-enum-conversion -fdiagnostics-show-option -Qunused-arguments -Wno-semicolon-before-method-body -ffunction-sections -fdata-sections    -fvisibility=hidden -fvisibility-inlines-hidden  -O3 -DNDEBUG  -DNDEBUG -arch arm64 -isysroot /Applications/Xcode.app/Contents/Developer/Platforms/MacOSX.platform/Developer/SDKs/MacOSX12.3.sdk -fPIE -MD -MT CMakeFiles/cmTC_dc47f.dir/CheckIncludeFile.c.o -MF CMakeFiles/cmTC_dc47f.dir/CheckIncludeFile.c.o.d -o CMakeFiles/cmTC_dc47f.dir/CheckIncludeFile.c.o -c /Users/clementtongpersonal/Desktop/Programming/2022/SafelySail-AI/cv2/opencv-4.5.0/build/CMakeFiles/CMakeScratch/TryCompile-i5xlvr/CheckIncludeFile.c
Linking C executable cmTC_dc47f
/opt/homebrew/Cellar/cmake/3.25.1/bin/cmake -E cmake_link_script CMakeFiles/cmTC_dc47f.dir/link.txt --verbose=1
/Applications/Xcode.app/Contents/Developer/Toolchains/XcodeDefault.xctoolchain/usr/bin/cc    -fsigned-char -W -Wall -Werror=return-type -Werror=non-virtual-dtor -Werror=address -Werror=sequence-point -Wformat -Werror=format-security -Wmissing-declarations -Wmissing-prototypes -Wstrict-prototypes -Wundef -Winit-self -Wpointer-arith -Wshadow -Wsign-promo -Wuninitialized -Winit-self -Wno-delete-non-virtual-dtor -Wno-unnamed-type-template-args -Wno-comment -Wno-deprecated-enum-enum-conversion -Wno-deprecated-anon-enum-enum-conversion -fdiagnostics-show-option -Qunused-arguments -Wno-semicolon-before-method-body -ffunction-sections -fdata-sections    -fvisibility=hidden -fvisibility-inlines-hidden  -O3 -DNDEBUG  -DNDEBUG -arch arm64 -isysroot /Applications/Xcode.app/Contents/Developer/Platforms/MacOSX.platform/Developer/SDKs/MacOSX12.3.sdk -Wl,-search_paths_first -Wl,-headerpad_max_install_names   -Wl,-dead_strip  CMakeFiles/cmTC_dc47f.dir/CheckIncludeFile.c.o -o cmTC_dc47f 



Determining if the include file string.h exists passed with the following output:
Change Dir: /Users/clementtongpersonal/Desktop/Programming/2022/SafelySail-AI/cv2/opencv-4.5.0/build/CMakeFiles/CMakeScratch/TryCompile-PDnBNx

Run Build Command(s):/usr/bin/make -f Makefile cmTC_31058/fast && /Applications/Xcode.app/Contents/Developer/usr/bin/make  -f CMakeFiles/cmTC_31058.dir/build.make CMakeFiles/cmTC_31058.dir/build
Building C object CMakeFiles/cmTC_31058.dir/CheckIncludeFile.c.o
/Applications/Xcode.app/Contents/Developer/Toolchains/XcodeDefault.xctoolchain/usr/bin/cc   -fsigned-char -W -Wall -Werror=return-type -Werror=non-virtual-dtor -Werror=address -Werror=sequence-point -Wformat -Werror=format-security -Wmissing-declarations -Wmissing-prototypes -Wstrict-prototypes -Wundef -Winit-self -Wpointer-arith -Wshadow -Wsign-promo -Wuninitialized -Winit-self -Wno-delete-non-virtual-dtor -Wno-unnamed-type-template-args -Wno-comment -Wno-deprecated-enum-enum-conversion -Wno-deprecated-anon-enum-enum-conversion -fdiagnostics-show-option -Qunused-arguments -Wno-semicolon-before-method-body -ffunction-sections -fdata-sections    -fvisibility=hidden -fvisibility-inlines-hidden  -O3 -DNDEBUG  -DNDEBUG -arch arm64 -isysroot /Applications/Xcode.app/Contents/Developer/Platforms/MacOSX.platform/Developer/SDKs/MacOSX12.3.sdk -fPIE -MD -MT CMakeFiles/cmTC_31058.dir/CheckIncludeFile.c.o -MF CMakeFiles/cmTC_31058.dir/CheckIncludeFile.c.o.d -o CMakeFiles/cmTC_31058.dir/CheckIncludeFile.c.o -c /Users/clementtongpersonal/Desktop/Programming/2022/SafelySail-AI/cv2/opencv-4.5.0/build/CMakeFiles/CMakeScratch/TryCompile-PDnBNx/CheckIncludeFile.c
Linking C executable cmTC_31058
/opt/homebrew/Cellar/cmake/3.25.1/bin/cmake -E cmake_link_script CMakeFiles/cmTC_31058.dir/link.txt --verbose=1
/Applications/Xcode.app/Contents/Developer/Toolchains/XcodeDefault.xctoolchain/usr/bin/cc    -fsigned-char -W -Wall -Werror=return-type -Werror=non-virtual-dtor -Werror=address -Werror=sequence-point -Wformat -Werror=format-security -Wmissing-declarations -Wmissing-prototypes -Wstrict-prototypes -Wundef -Winit-self -Wpointer-arith -Wshadow -Wsign-promo -Wuninitialized -Winit-self -Wno-delete-non-virtual-dtor -Wno-unnamed-type-template-args -Wno-comment -Wno-deprecated-enum-enum-conversion -Wno-deprecated-anon-enum-enum-conversion -fdiagnostics-show-option -Qunused-arguments -Wno-semicolon-before-method-body -ffunction-sections -fdata-sections    -fvisibility=hidden -fvisibility-inlines-hidden  -O3 -DNDEBUG  -DNDEBUG -arch arm64 -isysroot /Applications/Xcode.app/Contents/Developer/Platforms/MacOSX.platform/Developer/SDKs/MacOSX12.3.sdk -Wl,-search_paths_first -Wl,-headerpad_max_install_names   -Wl,-dead_strip  CMakeFiles/cmTC_31058.dir/CheckIncludeFile.c.o -o cmTC_31058 



Determining if the include file strings.h exists passed with the following output:
Change Dir: /Users/clementtongpersonal/Desktop/Programming/2022/SafelySail-AI/cv2/opencv-4.5.0/build/CMakeFiles/CMakeScratch/TryCompile-TbAvZs

Run Build Command(s):/usr/bin/make -f Makefile cmTC_e9aca/fast && /Applications/Xcode.app/Contents/Developer/usr/bin/make  -f CMakeFiles/cmTC_e9aca.dir/build.make CMakeFiles/cmTC_e9aca.dir/build
Building C object CMakeFiles/cmTC_e9aca.dir/CheckIncludeFile.c.o
/Applications/Xcode.app/Contents/Developer/Toolchains/XcodeDefault.xctoolchain/usr/bin/cc   -fsigned-char -W -Wall -Werror=return-type -Werror=non-virtual-dtor -Werror=address -Werror=sequence-point -Wformat -Werror=format-security -Wmissing-declarations -Wmissing-prototypes -Wstrict-prototypes -Wundef -Winit-self -Wpointer-arith -Wshadow -Wsign-promo -Wuninitialized -Winit-self -Wno-delete-non-virtual-dtor -Wno-unnamed-type-template-args -Wno-comment -Wno-deprecated-enum-enum-conversion -Wno-deprecated-anon-enum-enum-conversion -fdiagnostics-show-option -Qunused-arguments -Wno-semicolon-before-method-body -ffunction-sections -fdata-sections    -fvisibility=hidden -fvisibility-inlines-hidden  -O3 -DNDEBUG  -DNDEBUG -arch arm64 -isysroot /Applications/Xcode.app/Contents/Developer/Platforms/MacOSX.platform/Developer/SDKs/MacOSX12.3.sdk -fPIE -MD -MT CMakeFiles/cmTC_e9aca.dir/CheckIncludeFile.c.o -MF CMakeFiles/cmTC_e9aca.dir/CheckIncludeFile.c.o.d -o CMakeFiles/cmTC_e9aca.dir/CheckIncludeFile.c.o -c /Users/clementtongpersonal/Desktop/Programming/2022/SafelySail-AI/cv2/opencv-4.5.0/build/CMakeFiles/CMakeScratch/TryCompile-TbAvZs/CheckIncludeFile.c
Linking C executable cmTC_e9aca
/opt/homebrew/Cellar/cmake/3.25.1/bin/cmake -E cmake_link_script CMakeFiles/cmTC_e9aca.dir/link.txt --verbose=1
/Applications/Xcode.app/Contents/Developer/Toolchains/XcodeDefault.xctoolchain/usr/bin/cc    -fsigned-char -W -Wall -Werror=return-type -Werror=non-virtual-dtor -Werror=address -Werror=sequence-point -Wformat -Werror=format-security -Wmissing-declarations -Wmissing-prototypes -Wstrict-prototypes -Wundef -Winit-self -Wpointer-arith -Wshadow -Wsign-promo -Wuninitialized -Winit-self -Wno-delete-non-virtual-dtor -Wno-unnamed-type-template-args -Wno-comment -Wno-deprecated-enum-enum-conversion -Wno-deprecated-anon-enum-enum-conversion -fdiagnostics-show-option -Qunused-arguments -Wno-semicolon-before-method-body -ffunction-sections -fdata-sections    -fvisibility=hidden -fvisibility-inlines-hidden  -O3 -DNDEBUG  -DNDEBUG -arch arm64 -isysroot /Applications/Xcode.app/Contents/Developer/Platforms/MacOSX.platform/Developer/SDKs/MacOSX12.3.sdk -Wl,-search_paths_first -Wl,-headerpad_max_install_names   -Wl,-dead_strip  CMakeFiles/cmTC_e9aca.dir/CheckIncludeFile.c.o -o cmTC_e9aca 



Determining if the include file sys/time.h exists passed with the following output:
Change Dir: /Users/clementtongpersonal/Desktop/Programming/2022/SafelySail-AI/cv2/opencv-4.5.0/build/CMakeFiles/CMakeScratch/TryCompile-y3Raj1

Run Build Command(s):/usr/bin/make -f Makefile cmTC_c6387/fast && /Applications/Xcode.app/Contents/Developer/usr/bin/make  -f CMakeFiles/cmTC_c6387.dir/build.make CMakeFiles/cmTC_c6387.dir/build
Building C object CMakeFiles/cmTC_c6387.dir/CheckIncludeFile.c.o
/Applications/Xcode.app/Contents/Developer/Toolchains/XcodeDefault.xctoolchain/usr/bin/cc   -fsigned-char -W -Wall -Werror=return-type -Werror=non-virtual-dtor -Werror=address -Werror=sequence-point -Wformat -Werror=format-security -Wmissing-declarations -Wmissing-prototypes -Wstrict-prototypes -Wundef -Winit-self -Wpointer-arith -Wshadow -Wsign-promo -Wuninitialized -Winit-self -Wno-delete-non-virtual-dtor -Wno-unnamed-type-template-args -Wno-comment -Wno-deprecated-enum-enum-conversion -Wno-deprecated-anon-enum-enum-conversion -fdiagnostics-show-option -Qunused-arguments -Wno-semicolon-before-method-body -ffunction-sections -fdata-sections    -fvisibility=hidden -fvisibility-inlines-hidden  -O3 -DNDEBUG  -DNDEBUG -arch arm64 -isysroot /Applications/Xcode.app/Contents/Developer/Platforms/MacOSX.platform/Developer/SDKs/MacOSX12.3.sdk -fPIE -MD -MT CMakeFiles/cmTC_c6387.dir/CheckIncludeFile.c.o -MF CMakeFiles/cmTC_c6387.dir/CheckIncludeFile.c.o.d -o CMakeFiles/cmTC_c6387.dir/CheckIncludeFile.c.o -c /Users/clementtongpersonal/Desktop/Programming/2022/SafelySail-AI/cv2/opencv-4.5.0/build/CMakeFiles/CMakeScratch/TryCompile-y3Raj1/CheckIncludeFile.c
Linking C executable cmTC_c6387
/opt/homebrew/Cellar/cmake/3.25.1/bin/cmake -E cmake_link_script CMakeFiles/cmTC_c6387.dir/link.txt --verbose=1
/Applications/Xcode.app/Contents/Developer/Toolchains/XcodeDefault.xctoolchain/usr/bin/cc    -fsigned-char -W -Wall -Werror=return-type -Werror=non-virtual-dtor -Werror=address -Werror=sequence-point -Wformat -Werror=format-security -Wmissing-declarations -Wmissing-prototypes -Wstrict-prototypes -Wundef -Winit-self -Wpointer-arith -Wshadow -Wsign-promo -Wuninitialized -Winit-self -Wno-delete-non-virtual-dtor -Wno-unnamed-type-template-args -Wno-comment -Wno-deprecated-enum-enum-conversion -Wno-deprecated-anon-enum-enum-conversion -fdiagnostics-show-option -Qunused-arguments -Wno-semicolon-before-method-body -ffunction-sections -fdata-sections    -fvisibility=hidden -fvisibility-inlines-hidden  -O3 -DNDEBUG  -DNDEBUG -arch arm64 -isysroot /Applications/Xcode.app/Contents/Developer/Platforms/MacOSX.platform/Developer/SDKs/MacOSX12.3.sdk -Wl,-search_paths_first -Wl,-headerpad_max_install_names   -Wl,-dead_strip  CMakeFiles/cmTC_c6387.dir/CheckIncludeFile.c.o -o cmTC_c6387 



Determining if the include file unistd.h exists passed with the following output:
Change Dir: /Users/clementtongpersonal/Desktop/Programming/2022/SafelySail-AI/cv2/opencv-4.5.0/build/CMakeFiles/CMakeScratch/TryCompile-wQIFl9

Run Build Command(s):/usr/bin/make -f Makefile cmTC_43a8f/fast && /Applications/Xcode.app/Contents/Developer/usr/bin/make  -f CMakeFiles/cmTC_43a8f.dir/build.make CMakeFiles/cmTC_43a8f.dir/build
Building C object CMakeFiles/cmTC_43a8f.dir/CheckIncludeFile.c.o
/Applications/Xcode.app/Contents/Developer/Toolchains/XcodeDefault.xctoolchain/usr/bin/cc   -fsigned-char -W -Wall -Werror=return-type -Werror=non-virtual-dtor -Werror=address -Werror=sequence-point -Wformat -Werror=format-security -Wmissing-declarations -Wmissing-prototypes -Wstrict-prototypes -Wundef -Winit-self -Wpointer-arith -Wshadow -Wsign-promo -Wuninitialized -Winit-self -Wno-delete-non-virtual-dtor -Wno-unnamed-type-template-args -Wno-comment -Wno-deprecated-enum-enum-conversion -Wno-deprecated-anon-enum-enum-conversion -fdiagnostics-show-option -Qunused-arguments -Wno-semicolon-before-method-body -ffunction-sections -fdata-sections    -fvisibility=hidden -fvisibility-inlines-hidden  -O3 -DNDEBUG  -DNDEBUG -arch arm64 -isysroot /Applications/Xcode.app/Contents/Developer/Platforms/MacOSX.platform/Developer/SDKs/MacOSX12.3.sdk -fPIE -MD -MT CMakeFiles/cmTC_43a8f.dir/CheckIncludeFile.c.o -MF CMakeFiles/cmTC_43a8f.dir/CheckIncludeFile.c.o.d -o CMakeFiles/cmTC_43a8f.dir/CheckIncludeFile.c.o -c /Users/clementtongpersonal/Desktop/Programming/2022/SafelySail-AI/cv2/opencv-4.5.0/build/CMakeFiles/CMakeScratch/TryCompile-wQIFl9/CheckIncludeFile.c
Linking C executable cmTC_43a8f
/opt/homebrew/Cellar/cmake/3.25.1/bin/cmake -E cmake_link_script CMakeFiles/cmTC_43a8f.dir/link.txt --verbose=1
/Applications/Xcode.app/Contents/Developer/Toolchains/XcodeDefault.xctoolchain/usr/bin/cc    -fsigned-char -W -Wall -Werror=return-type -Werror=non-virtual-dtor -Werror=address -Werror=sequence-point -Wformat -Werror=format-security -Wmissing-declarations -Wmissing-prototypes -Wstrict-prototypes -Wundef -Winit-self -Wpointer-arith -Wshadow -Wsign-promo -Wuninitialized -Winit-self -Wno-delete-non-virtual-dtor -Wno-unnamed-type-template-args -Wno-comment -Wno-deprecated-enum-enum-conversion -Wno-deprecated-anon-enum-enum-conversion -fdiagnostics-show-option -Qunused-arguments -Wno-semicolon-before-method-body -ffunction-sections -fdata-sections    -fvisibility=hidden -fvisibility-inlines-hidden  -O3 -DNDEBUG  -DNDEBUG -arch arm64 -isysroot /Applications/Xcode.app/Contents/Developer/Platforms/MacOSX.platform/Developer/SDKs/MacOSX12.3.sdk -Wl,-search_paths_first -Wl,-headerpad_max_install_names   -Wl,-dead_strip  CMakeFiles/cmTC_43a8f.dir/CheckIncludeFile.c.o -o cmTC_43a8f 



Performing C SOURCE FILE Test C_HAS_inline succeeded with the following output:
Change Dir: /Users/clementtongpersonal/Desktop/Programming/2022/SafelySail-AI/cv2/opencv-4.5.0/build/CMakeFiles/CMakeScratch/TryCompile-PJtkwI

Run Build Command(s):/usr/bin/make -f Makefile cmTC_14420/fast && /Applications/Xcode.app/Contents/Developer/usr/bin/make  -f CMakeFiles/cmTC_14420.dir/build.make CMakeFiles/cmTC_14420.dir/build
Building C object CMakeFiles/cmTC_14420.dir/src.c.o
/Applications/Xcode.app/Contents/Developer/Toolchains/XcodeDefault.xctoolchain/usr/bin/cc -DC_HAS_inline -Dinline=inline  -fsigned-char -W -Wall -Werror=return-type -Werror=non-virtual-dtor -Werror=address -Werror=sequence-point -Wformat -Werror=format-security -Wmissing-declarations -Wmissing-prototypes -Wstrict-prototypes -Wundef -Winit-self -Wpointer-arith -Wshadow -Wsign-promo -Wuninitialized -Winit-self -Wno-delete-non-virtual-dtor -Wno-unnamed-type-template-args -Wno-comment -Wno-deprecated-enum-enum-conversion -Wno-deprecated-anon-enum-enum-conversion -fdiagnostics-show-option -Qunused-arguments -Wno-semicolon-before-method-body -ffunction-sections -fdata-sections    -fvisibility=hidden -fvisibility-inlines-hidden  -O3 -DNDEBUG  -DNDEBUG -arch arm64 -isysroot /Applications/Xcode.app/Contents/Developer/Platforms/MacOSX.platform/Developer/SDKs/MacOSX12.3.sdk -fPIE -MD -MT CMakeFiles/cmTC_14420.dir/src.c.o -MF CMakeFiles/cmTC_14420.dir/src.c.o.d -o CMakeFiles/cmTC_14420.dir/src.c.o -c /Users/clementtongpersonal/Desktop/Programming/2022/SafelySail-AI/cv2/opencv-4.5.0/build/CMakeFiles/CMakeScratch/TryCompile-PJtkwI/src.c
/Users/clementtongpersonal/Desktop/Programming/2022/SafelySail-AI/cv2/opencv-4.5.0/build/CMakeFiles/CMakeScratch/TryCompile-PJtkwI/src.c:4:15: warning: no previous prototype for function 'foo' [-Wmissing-prototypes]
        foo_t foo(){return 0;}
              ^
/Users/clementtongpersonal/Desktop/Programming/2022/SafelySail-AI/cv2/opencv-4.5.0/build/CMakeFiles/CMakeScratch/TryCompile-PJtkwI/src.c:4:9: note: declare 'static' if the function is not intended to be used outside of this translation unit
        foo_t foo(){return 0;}
        ^
        static 
/Users/clementtongpersonal/Desktop/Programming/2022/SafelySail-AI/cv2/opencv-4.5.0/build/CMakeFiles/CMakeScratch/TryCompile-PJtkwI/src.c:4:18: warning: this old-style function definition is not preceded by a prototype [-Wstrict-prototypes]
        foo_t foo(){return 0;}
                 ^
/Users/clementtongpersonal/Desktop/Programming/2022/SafelySail-AI/cv2/opencv-4.5.0/build/CMakeFiles/CMakeScratch/TryCompile-PJtkwI/src.c:5:22: warning: unused parameter 'argc' [-Wunused-parameter]
        int main(int argc, char *argv[]) {return 0;}
                     ^
/Users/clementtongpersonal/Desktop/Programming/2022/SafelySail-AI/cv2/opencv-4.5.0/build/CMakeFiles/CMakeScratch/TryCompile-PJtkwI/src.c:5:34: warning: unused parameter 'argv' [-Wunused-parameter]
        int main(int argc, char *argv[]) {return 0;}
                                 ^
/Users/clementtongpersonal/Desktop/Programming/2022/SafelySail-AI/cv2/opencv-4.5.0/build/CMakeFiles/CMakeScratch/TryCompile-PJtkwI/src.c:3:29: warning: unused function 'static_foo' [-Wunused-function]
        static inline foo_t static_foo() {return 0;}
                            ^
5 warnings generated.
Linking C executable cmTC_14420
/opt/homebrew/Cellar/cmake/3.25.1/bin/cmake -E cmake_link_script CMakeFiles/cmTC_14420.dir/link.txt --verbose=1
/Applications/Xcode.app/Contents/Developer/Toolchains/XcodeDefault.xctoolchain/usr/bin/cc    -fsigned-char -W -Wall -Werror=return-type -Werror=non-virtual-dtor -Werror=address -Werror=sequence-point -Wformat -Werror=format-security -Wmissing-declarations -Wmissing-prototypes -Wstrict-prototypes -Wundef -Winit-self -Wpointer-arith -Wshadow -Wsign-promo -Wuninitialized -Winit-self -Wno-delete-non-virtual-dtor -Wno-unnamed-type-template-args -Wno-comment -Wno-deprecated-enum-enum-conversion -Wno-deprecated-anon-enum-enum-conversion -fdiagnostics-show-option -Qunused-arguments -Wno-semicolon-before-method-body -ffunction-sections -fdata-sections    -fvisibility=hidden -fvisibility-inlines-hidden  -O3 -DNDEBUG  -DNDEBUG -arch arm64 -isysroot /Applications/Xcode.app/Contents/Developer/Platforms/MacOSX.platform/Developer/SDKs/MacOSX12.3.sdk -Wl,-search_paths_first -Wl,-headerpad_max_install_names   -Wl,-dead_strip  CMakeFiles/cmTC_14420.dir/src.c.o -o cmTC_14420 


Source file was:

        typedef int foo_t;
        static inline foo_t static_foo() {return 0;}
        foo_t foo(){return 0;}
        int main(int argc, char *argv[]) {return 0;}

Determining size of signed short passed with the following output:
Change Dir: /Users/clementtongpersonal/Desktop/Programming/2022/SafelySail-AI/cv2/opencv-4.5.0/build/CMakeFiles/CMakeScratch/TryCompile-QhzIL6

Run Build Command(s):/usr/bin/make -f Makefile cmTC_b2343/fast && /Applications/Xcode.app/Contents/Developer/usr/bin/make  -f CMakeFiles/cmTC_b2343.dir/build.make CMakeFiles/cmTC_b2343.dir/build
Building C object CMakeFiles/cmTC_b2343.dir/SIZEOF_SIGNED_SHORT.c.o
/Applications/Xcode.app/Contents/Developer/Toolchains/XcodeDefault.xctoolchain/usr/bin/cc   -fsigned-char -W -Wall -Werror=return-type -Werror=non-virtual-dtor -Werror=address -Werror=sequence-point -Wformat -Werror=format-security -Wmissing-declarations -Wmissing-prototypes -Wstrict-prototypes -Wundef -Winit-self -Wpointer-arith -Wshadow -Wsign-promo -Wuninitialized -Winit-self -Wno-delete-non-virtual-dtor -Wno-unnamed-type-template-args -Wno-comment -Wno-deprecated-enum-enum-conversion -Wno-deprecated-anon-enum-enum-conversion -fdiagnostics-show-option -Qunused-arguments -Wno-semicolon-before-method-body -ffunction-sections -fdata-sections    -fvisibility=hidden -fvisibility-inlines-hidden  -O3 -DNDEBUG  -DNDEBUG -arch arm64 -isysroot /Applications/Xcode.app/Contents/Developer/Platforms/MacOSX.platform/Developer/SDKs/MacOSX12.3.sdk -fPIE -MD -MT CMakeFiles/cmTC_b2343.dir/SIZEOF_SIGNED_SHORT.c.o -MF CMakeFiles/cmTC_b2343.dir/SIZEOF_SIGNED_SHORT.c.o.d -o CMakeFiles/cmTC_b2343.dir/SIZEOF_SIGNED_SHORT.c.o -c /Users/clementtongpersonal/Desktop/Programming/2022/SafelySail-AI/cv2/opencv-4.5.0/build/CMakeFiles/CMakeScratch/TryCompile-QhzIL6/SIZEOF_SIGNED_SHORT.c
Linking C executable cmTC_b2343
/opt/homebrew/Cellar/cmake/3.25.1/bin/cmake -E cmake_link_script CMakeFiles/cmTC_b2343.dir/link.txt --verbose=1
/Applications/Xcode.app/Contents/Developer/Toolchains/XcodeDefault.xctoolchain/usr/bin/cc    -fsigned-char -W -Wall -Werror=return-type -Werror=non-virtual-dtor -Werror=address -Werror=sequence-point -Wformat -Werror=format-security -Wmissing-declarations -Wmissing-prototypes -Wstrict-prototypes -Wundef -Winit-self -Wpointer-arith -Wshadow -Wsign-promo -Wuninitialized -Winit-self -Wno-delete-non-virtual-dtor -Wno-unnamed-type-template-args -Wno-comment -Wno-deprecated-enum-enum-conversion -Wno-deprecated-anon-enum-enum-conversion -fdiagnostics-show-option -Qunused-arguments -Wno-semicolon-before-method-body -ffunction-sections -fdata-sections    -fvisibility=hidden -fvisibility-inlines-hidden  -O3 -DNDEBUG  -DNDEBUG -arch arm64 -isysroot /Applications/Xcode.app/Contents/Developer/Platforms/MacOSX.platform/Developer/SDKs/MacOSX12.3.sdk -Wl,-search_paths_first -Wl,-headerpad_max_install_names   -Wl,-dead_strip  CMakeFiles/cmTC_b2343.dir/SIZEOF_SIGNED_SHORT.c.o -o cmTC_b2343 



Determining size of unsigned short passed with the following output:
Change Dir: /Users/clementtongpersonal/Desktop/Programming/2022/SafelySail-AI/cv2/opencv-4.5.0/build/CMakeFiles/CMakeScratch/TryCompile-bLRy5t

Run Build Command(s):/usr/bin/make -f Makefile cmTC_2bea3/fast && /Applications/Xcode.app/Contents/Developer/usr/bin/make  -f CMakeFiles/cmTC_2bea3.dir/build.make CMakeFiles/cmTC_2bea3.dir/build
Building C object CMakeFiles/cmTC_2bea3.dir/SIZEOF_UNSIGNED_SHORT.c.o
/Applications/Xcode.app/Contents/Developer/Toolchains/XcodeDefault.xctoolchain/usr/bin/cc   -fsigned-char -W -Wall -Werror=return-type -Werror=non-virtual-dtor -Werror=address -Werror=sequence-point -Wformat -Werror=format-security -Wmissing-declarations -Wmissing-prototypes -Wstrict-prototypes -Wundef -Winit-self -Wpointer-arith -Wshadow -Wsign-promo -Wuninitialized -Winit-self -Wno-delete-non-virtual-dtor -Wno-unnamed-type-template-args -Wno-comment -Wno-deprecated-enum-enum-conversion -Wno-deprecated-anon-enum-enum-conversion -fdiagnostics-show-option -Qunused-arguments -Wno-semicolon-before-method-body -ffunction-sections -fdata-sections    -fvisibility=hidden -fvisibility-inlines-hidden  -O3 -DNDEBUG  -DNDEBUG -arch arm64 -isysroot /Applications/Xcode.app/Contents/Developer/Platforms/MacOSX.platform/Developer/SDKs/MacOSX12.3.sdk -fPIE -MD -MT CMakeFiles/cmTC_2bea3.dir/SIZEOF_UNSIGNED_SHORT.c.o -MF CMakeFiles/cmTC_2bea3.dir/SIZEOF_UNSIGNED_SHORT.c.o.d -o CMakeFiles/cmTC_2bea3.dir/SIZEOF_UNSIGNED_SHORT.c.o -c /Users/clementtongpersonal/Desktop/Programming/2022/SafelySail-AI/cv2/opencv-4.5.0/build/CMakeFiles/CMakeScratch/TryCompile-bLRy5t/SIZEOF_UNSIGNED_SHORT.c
Linking C executable cmTC_2bea3
/opt/homebrew/Cellar/cmake/3.25.1/bin/cmake -E cmake_link_script CMakeFiles/cmTC_2bea3.dir/link.txt --verbose=1
/Applications/Xcode.app/Contents/Developer/Toolchains/XcodeDefault.xctoolchain/usr/bin/cc    -fsigned-char -W -Wall -Werror=return-type -Werror=non-virtual-dtor -Werror=address -Werror=sequence-point -Wformat -Werror=format-security -Wmissing-declarations -Wmissing-prototypes -Wstrict-prototypes -Wundef -Winit-self -Wpointer-arith -Wshadow -Wsign-promo -Wuninitialized -Winit-self -Wno-delete-non-virtual-dtor -Wno-unnamed-type-template-args -Wno-comment -Wno-deprecated-enum-enum-conversion -Wno-deprecated-anon-enum-enum-conversion -fdiagnostics-show-option -Qunused-arguments -Wno-semicolon-before-method-body -ffunction-sections -fdata-sections    -fvisibility=hidden -fvisibility-inlines-hidden  -O3 -DNDEBUG  -DNDEBUG -arch arm64 -isysroot /Applications/Xcode.app/Contents/Developer/Platforms/MacOSX.platform/Developer/SDKs/MacOSX12.3.sdk -Wl,-search_paths_first -Wl,-headerpad_max_install_names   -Wl,-dead_strip  CMakeFiles/cmTC_2bea3.dir/SIZEOF_UNSIGNED_SHORT.c.o -o cmTC_2bea3 



Determining size of signed int passed with the following output:
Change Dir: /Users/clementtongpersonal/Desktop/Programming/2022/SafelySail-AI/cv2/opencv-4.5.0/build/CMakeFiles/CMakeScratch/TryCompile-jciPHE

Run Build Command(s):/usr/bin/make -f Makefile cmTC_b8370/fast && /Applications/Xcode.app/Contents/Developer/usr/bin/make  -f CMakeFiles/cmTC_b8370.dir/build.make CMakeFiles/cmTC_b8370.dir/build
Building C object CMakeFiles/cmTC_b8370.dir/SIZEOF_SIGNED_INT.c.o
/Applications/Xcode.app/Contents/Developer/Toolchains/XcodeDefault.xctoolchain/usr/bin/cc   -fsigned-char -W -Wall -Werror=return-type -Werror=non-virtual-dtor -Werror=address -Werror=sequence-point -Wformat -Werror=format-security -Wmissing-declarations -Wmissing-prototypes -Wstrict-prototypes -Wundef -Winit-self -Wpointer-arith -Wshadow -Wsign-promo -Wuninitialized -Winit-self -Wno-delete-non-virtual-dtor -Wno-unnamed-type-template-args -Wno-comment -Wno-deprecated-enum-enum-conversion -Wno-deprecated-anon-enum-enum-conversion -fdiagnostics-show-option -Qunused-arguments -Wno-semicolon-before-method-body -ffunction-sections -fdata-sections    -fvisibility=hidden -fvisibility-inlines-hidden  -O3 -DNDEBUG  -DNDEBUG -arch arm64 -isysroot /Applications/Xcode.app/Contents/Developer/Platforms/MacOSX.platform/Developer/SDKs/MacOSX12.3.sdk -fPIE -MD -MT CMakeFiles/cmTC_b8370.dir/SIZEOF_SIGNED_INT.c.o -MF CMakeFiles/cmTC_b8370.dir/SIZEOF_SIGNED_INT.c.o.d -o CMakeFiles/cmTC_b8370.dir/SIZEOF_SIGNED_INT.c.o -c /Users/clementtongpersonal/Desktop/Programming/2022/SafelySail-AI/cv2/opencv-4.5.0/build/CMakeFiles/CMakeScratch/TryCompile-jciPHE/SIZEOF_SIGNED_INT.c
Linking C executable cmTC_b8370
/opt/homebrew/Cellar/cmake/3.25.1/bin/cmake -E cmake_link_script CMakeFiles/cmTC_b8370.dir/link.txt --verbose=1
/Applications/Xcode.app/Contents/Developer/Toolchains/XcodeDefault.xctoolchain/usr/bin/cc    -fsigned-char -W -Wall -Werror=return-type -Werror=non-virtual-dtor -Werror=address -Werror=sequence-point -Wformat -Werror=format-security -Wmissing-declarations -Wmissing-prototypes -Wstrict-prototypes -Wundef -Winit-self -Wpointer-arith -Wshadow -Wsign-promo -Wuninitialized -Winit-self -Wno-delete-non-virtual-dtor -Wno-unnamed-type-template-args -Wno-comment -Wno-deprecated-enum-enum-conversion -Wno-deprecated-anon-enum-enum-conversion -fdiagnostics-show-option -Qunused-arguments -Wno-semicolon-before-method-body -ffunction-sections -fdata-sections    -fvisibility=hidden -fvisibility-inlines-hidden  -O3 -DNDEBUG  -DNDEBUG -arch arm64 -isysroot /Applications/Xcode.app/Contents/Developer/Platforms/MacOSX.platform/Developer/SDKs/MacOSX12.3.sdk -Wl,-search_paths_first -Wl,-headerpad_max_install_names   -Wl,-dead_strip  CMakeFiles/cmTC_b8370.dir/SIZEOF_SIGNED_INT.c.o -o cmTC_b8370 



Determining size of unsigned int passed with the following output:
Change Dir: /Users/clementtongpersonal/Desktop/Programming/2022/SafelySail-AI/cv2/opencv-4.5.0/build/CMakeFiles/CMakeScratch/TryCompile-QGXVf5

Run Build Command(s):/usr/bin/make -f Makefile cmTC_1a553/fast && /Applications/Xcode.app/Contents/Developer/usr/bin/make  -f CMakeFiles/cmTC_1a553.dir/build.make CMakeFiles/cmTC_1a553.dir/build
Building C object CMakeFiles/cmTC_1a553.dir/SIZEOF_UNSIGNED_INT.c.o
/Applications/Xcode.app/Contents/Developer/Toolchains/XcodeDefault.xctoolchain/usr/bin/cc   -fsigned-char -W -Wall -Werror=return-type -Werror=non-virtual-dtor -Werror=address -Werror=sequence-point -Wformat -Werror=format-security -Wmissing-declarations -Wmissing-prototypes -Wstrict-prototypes -Wundef -Winit-self -Wpointer-arith -Wshadow -Wsign-promo -Wuninitialized -Winit-self -Wno-delete-non-virtual-dtor -Wno-unnamed-type-template-args -Wno-comment -Wno-deprecated-enum-enum-conversion -Wno-deprecated-anon-enum-enum-conversion -fdiagnostics-show-option -Qunused-arguments -Wno-semicolon-before-method-body -ffunction-sections -fdata-sections    -fvisibility=hidden -fvisibility-inlines-hidden  -O3 -DNDEBUG  -DNDEBUG -arch arm64 -isysroot /Applications/Xcode.app/Contents/Developer/Platforms/MacOSX.platform/Developer/SDKs/MacOSX12.3.sdk -fPIE -MD -MT CMakeFiles/cmTC_1a553.dir/SIZEOF_UNSIGNED_INT.c.o -MF CMakeFiles/cmTC_1a553.dir/SIZEOF_UNSIGNED_INT.c.o.d -o CMakeFiles/cmTC_1a553.dir/SIZEOF_UNSIGNED_INT.c.o -c /Users/clementtongpersonal/Desktop/Programming/2022/SafelySail-AI/cv2/opencv-4.5.0/build/CMakeFiles/CMakeScratch/TryCompile-QGXVf5/SIZEOF_UNSIGNED_INT.c
Linking C executable cmTC_1a553
/opt/homebrew/Cellar/cmake/3.25.1/bin/cmake -E cmake_link_script CMakeFiles/cmTC_1a553.dir/link.txt --verbose=1
/Applications/Xcode.app/Contents/Developer/Toolchains/XcodeDefault.xctoolchain/usr/bin/cc    -fsigned-char -W -Wall -Werror=return-type -Werror=non-virtual-dtor -Werror=address -Werror=sequence-point -Wformat -Werror=format-security -Wmissing-declarations -Wmissing-prototypes -Wstrict-prototypes -Wundef -Winit-self -Wpointer-arith -Wshadow -Wsign-promo -Wuninitialized -Winit-self -Wno-delete-non-virtual-dtor -Wno-unnamed-type-template-args -Wno-comment -Wno-deprecated-enum-enum-conversion -Wno-deprecated-anon-enum-enum-conversion -fdiagnostics-show-option -Qunused-arguments -Wno-semicolon-before-method-body -ffunction-sections -fdata-sections    -fvisibility=hidden -fvisibility-inlines-hidden  -O3 -DNDEBUG  -DNDEBUG -arch arm64 -isysroot /Applications/Xcode.app/Contents/Developer/Platforms/MacOSX.platform/Developer/SDKs/MacOSX12.3.sdk -Wl,-search_paths_first -Wl,-headerpad_max_install_names   -Wl,-dead_strip  CMakeFiles/cmTC_1a553.dir/SIZEOF_UNSIGNED_INT.c.o -o cmTC_1a553 



Determining size of signed long passed with the following output:
Change Dir: /Users/clementtongpersonal/Desktop/Programming/2022/SafelySail-AI/cv2/opencv-4.5.0/build/CMakeFiles/CMakeScratch/TryCompile-IdZGYc

Run Build Command(s):/usr/bin/make -f Makefile cmTC_5f257/fast && /Applications/Xcode.app/Contents/Developer/usr/bin/make  -f CMakeFiles/cmTC_5f257.dir/build.make CMakeFiles/cmTC_5f257.dir/build
Building C object CMakeFiles/cmTC_5f257.dir/SIZEOF_SIGNED_LONG.c.o
/Applications/Xcode.app/Contents/Developer/Toolchains/XcodeDefault.xctoolchain/usr/bin/cc   -fsigned-char -W -Wall -Werror=return-type -Werror=non-virtual-dtor -Werror=address -Werror=sequence-point -Wformat -Werror=format-security -Wmissing-declarations -Wmissing-prototypes -Wstrict-prototypes -Wundef -Winit-self -Wpointer-arith -Wshadow -Wsign-promo -Wuninitialized -Winit-self -Wno-delete-non-virtual-dtor -Wno-unnamed-type-template-args -Wno-comment -Wno-deprecated-enum-enum-conversion -Wno-deprecated-anon-enum-enum-conversion -fdiagnostics-show-option -Qunused-arguments -Wno-semicolon-before-method-body -ffunction-sections -fdata-sections    -fvisibility=hidden -fvisibility-inlines-hidden  -O3 -DNDEBUG  -DNDEBUG -arch arm64 -isysroot /Applications/Xcode.app/Contents/Developer/Platforms/MacOSX.platform/Developer/SDKs/MacOSX12.3.sdk -fPIE -MD -MT CMakeFiles/cmTC_5f257.dir/SIZEOF_SIGNED_LONG.c.o -MF CMakeFiles/cmTC_5f257.dir/SIZEOF_SIGNED_LONG.c.o.d -o CMakeFiles/cmTC_5f257.dir/SIZEOF_SIGNED_LONG.c.o -c /Users/clementtongpersonal/Desktop/Programming/2022/SafelySail-AI/cv2/opencv-4.5.0/build/CMakeFiles/CMakeScratch/TryCompile-IdZGYc/SIZEOF_SIGNED_LONG.c
Linking C executable cmTC_5f257
/opt/homebrew/Cellar/cmake/3.25.1/bin/cmake -E cmake_link_script CMakeFiles/cmTC_5f257.dir/link.txt --verbose=1
/Applications/Xcode.app/Contents/Developer/Toolchains/XcodeDefault.xctoolchain/usr/bin/cc    -fsigned-char -W -Wall -Werror=return-type -Werror=non-virtual-dtor -Werror=address -Werror=sequence-point -Wformat -Werror=format-security -Wmissing-declarations -Wmissing-prototypes -Wstrict-prototypes -Wundef -Winit-self -Wpointer-arith -Wshadow -Wsign-promo -Wuninitialized -Winit-self -Wno-delete-non-virtual-dtor -Wno-unnamed-type-template-args -Wno-comment -Wno-deprecated-enum-enum-conversion -Wno-deprecated-anon-enum-enum-conversion -fdiagnostics-show-option -Qunused-arguments -Wno-semicolon-before-method-body -ffunction-sections -fdata-sections    -fvisibility=hidden -fvisibility-inlines-hidden  -O3 -DNDEBUG  -DNDEBUG -arch arm64 -isysroot /Applications/Xcode.app/Contents/Developer/Platforms/MacOSX.platform/Developer/SDKs/MacOSX12.3.sdk -Wl,-search_paths_first -Wl,-headerpad_max_install_names   -Wl,-dead_strip  CMakeFiles/cmTC_5f257.dir/SIZEOF_SIGNED_LONG.c.o -o cmTC_5f257 



Determining size of signed long long passed with the following output:
Change Dir: /Users/clementtongpersonal/Desktop/Programming/2022/SafelySail-AI/cv2/opencv-4.5.0/build/CMakeFiles/CMakeScratch/TryCompile-7nqCzU

Run Build Command(s):/usr/bin/make -f Makefile cmTC_1827e/fast && /Applications/Xcode.app/Contents/Developer/usr/bin/make  -f CMakeFiles/cmTC_1827e.dir/build.make CMakeFiles/cmTC_1827e.dir/build
Building C object CMakeFiles/cmTC_1827e.dir/SIZEOF_SIGNED_LONG_LONG.c.o
/Applications/Xcode.app/Contents/Developer/Toolchains/XcodeDefault.xctoolchain/usr/bin/cc   -fsigned-char -W -Wall -Werror=return-type -Werror=non-virtual-dtor -Werror=address -Werror=sequence-point -Wformat -Werror=format-security -Wmissing-declarations -Wmissing-prototypes -Wstrict-prototypes -Wundef -Winit-self -Wpointer-arith -Wshadow -Wsign-promo -Wuninitialized -Winit-self -Wno-delete-non-virtual-dtor -Wno-unnamed-type-template-args -Wno-comment -Wno-deprecated-enum-enum-conversion -Wno-deprecated-anon-enum-enum-conversion -fdiagnostics-show-option -Qunused-arguments -Wno-semicolon-before-method-body -ffunction-sections -fdata-sections    -fvisibility=hidden -fvisibility-inlines-hidden  -O3 -DNDEBUG  -DNDEBUG -arch arm64 -isysroot /Applications/Xcode.app/Contents/Developer/Platforms/MacOSX.platform/Developer/SDKs/MacOSX12.3.sdk -fPIE -MD -MT CMakeFiles/cmTC_1827e.dir/SIZEOF_SIGNED_LONG_LONG.c.o -MF CMakeFiles/cmTC_1827e.dir/SIZEOF_SIGNED_LONG_LONG.c.o.d -o CMakeFiles/cmTC_1827e.dir/SIZEOF_SIGNED_LONG_LONG.c.o -c /Users/clementtongpersonal/Desktop/Programming/2022/SafelySail-AI/cv2/opencv-4.5.0/build/CMakeFiles/CMakeScratch/TryCompile-7nqCzU/SIZEOF_SIGNED_LONG_LONG.c
Linking C executable cmTC_1827e
/opt/homebrew/Cellar/cmake/3.25.1/bin/cmake -E cmake_link_script CMakeFiles/cmTC_1827e.dir/link.txt --verbose=1
/Applications/Xcode.app/Contents/Developer/Toolchains/XcodeDefault.xctoolchain/usr/bin/cc    -fsigned-char -W -Wall -Werror=return-type -Werror=non-virtual-dtor -Werror=address -Werror=sequence-point -Wformat -Werror=format-security -Wmissing-declarations -Wmissing-prototypes -Wstrict-prototypes -Wundef -Winit-self -Wpointer-arith -Wshadow -Wsign-promo -Wuninitialized -Winit-self -Wno-delete-non-virtual-dtor -Wno-unnamed-type-template-args -Wno-comment -Wno-deprecated-enum-enum-conversion -Wno-deprecated-anon-enum-enum-conversion -fdiagnostics-show-option -Qunused-arguments -Wno-semicolon-before-method-body -ffunction-sections -fdata-sections    -fvisibility=hidden -fvisibility-inlines-hidden  -O3 -DNDEBUG  -DNDEBUG -arch arm64 -isysroot /Applications/Xcode.app/Contents/Developer/Platforms/MacOSX.platform/Developer/SDKs/MacOSX12.3.sdk -Wl,-search_paths_first -Wl,-headerpad_max_install_names   -Wl,-dead_strip  CMakeFiles/cmTC_1827e.dir/SIZEOF_SIGNED_LONG_LONG.c.o -o cmTC_1827e 



Determining size of unsigned long long passed with the following output:
Change Dir: /Users/clementtongpersonal/Desktop/Programming/2022/SafelySail-AI/cv2/opencv-4.5.0/build/CMakeFiles/CMakeScratch/TryCompile-xWnoQi

Run Build Command(s):/usr/bin/make -f Makefile cmTC_3794b/fast && /Applications/Xcode.app/Contents/Developer/usr/bin/make  -f CMakeFiles/cmTC_3794b.dir/build.make CMakeFiles/cmTC_3794b.dir/build
Building C object CMakeFiles/cmTC_3794b.dir/SIZEOF_UNSIGNED_LONG_LONG.c.o
/Applications/Xcode.app/Contents/Developer/Toolchains/XcodeDefault.xctoolchain/usr/bin/cc   -fsigned-char -W -Wall -Werror=return-type -Werror=non-virtual-dtor -Werror=address -Werror=sequence-point -Wformat -Werror=format-security -Wmissing-declarations -Wmissing-prototypes -Wstrict-prototypes -Wundef -Winit-self -Wpointer-arith -Wshadow -Wsign-promo -Wuninitialized -Winit-self -Wno-delete-non-virtual-dtor -Wno-unnamed-type-template-args -Wno-comment -Wno-deprecated-enum-enum-conversion -Wno-deprecated-anon-enum-enum-conversion -fdiagnostics-show-option -Qunused-arguments -Wno-semicolon-before-method-body -ffunction-sections -fdata-sections    -fvisibility=hidden -fvisibility-inlines-hidden  -O3 -DNDEBUG  -DNDEBUG -arch arm64 -isysroot /Applications/Xcode.app/Contents/Developer/Platforms/MacOSX.platform/Developer/SDKs/MacOSX12.3.sdk -fPIE -MD -MT CMakeFiles/cmTC_3794b.dir/SIZEOF_UNSIGNED_LONG_LONG.c.o -MF CMakeFiles/cmTC_3794b.dir/SIZEOF_UNSIGNED_LONG_LONG.c.o.d -o CMakeFiles/cmTC_3794b.dir/SIZEOF_UNSIGNED_LONG_LONG.c.o -c /Users/clementtongpersonal/Desktop/Programming/2022/SafelySail-AI/cv2/opencv-4.5.0/build/CMakeFiles/CMakeScratch/TryCompile-xWnoQi/SIZEOF_UNSIGNED_LONG_LONG.c
Linking C executable cmTC_3794b
/opt/homebrew/Cellar/cmake/3.25.1/bin/cmake -E cmake_link_script CMakeFiles/cmTC_3794b.dir/link.txt --verbose=1
/Applications/Xcode.app/Contents/Developer/Toolchains/XcodeDefault.xctoolchain/usr/bin/cc    -fsigned-char -W -Wall -Werror=return-type -Werror=non-virtual-dtor -Werror=address -Werror=sequence-point -Wformat -Werror=format-security -Wmissing-declarations -Wmissing-prototypes -Wstrict-prototypes -Wundef -Winit-self -Wpointer-arith -Wshadow -Wsign-promo -Wuninitialized -Winit-self -Wno-delete-non-virtual-dtor -Wno-unnamed-type-template-args -Wno-comment -Wno-deprecated-enum-enum-conversion -Wno-deprecated-anon-enum-enum-conversion -fdiagnostics-show-option -Qunused-arguments -Wno-semicolon-before-method-body -ffunction-sections -fdata-sections    -fvisibility=hidden -fvisibility-inlines-hidden  -O3 -DNDEBUG  -DNDEBUG -arch arm64 -isysroot /Applications/Xcode.app/Contents/Developer/Platforms/MacOSX.platform/Developer/SDKs/MacOSX12.3.sdk -Wl,-search_paths_first -Wl,-headerpad_max_install_names   -Wl,-dead_strip  CMakeFiles/cmTC_3794b.dir/SIZEOF_UNSIGNED_LONG_LONG.c.o -o cmTC_3794b 



Determining size of unsigned char * passed with the following output:
Change Dir: /Users/clementtongpersonal/Desktop/Programming/2022/SafelySail-AI/cv2/opencv-4.5.0/build/CMakeFiles/CMakeScratch/TryCompile-fkbDqn

Run Build Command(s):/usr/bin/make -f Makefile cmTC_5b7e2/fast && /Applications/Xcode.app/Contents/Developer/usr/bin/make  -f CMakeFiles/cmTC_5b7e2.dir/build.make CMakeFiles/cmTC_5b7e2.dir/build
Building C object CMakeFiles/cmTC_5b7e2.dir/SIZEOF_UNSIGNED_CHAR_P.c.o
/Applications/Xcode.app/Contents/Developer/Toolchains/XcodeDefault.xctoolchain/usr/bin/cc   -fsigned-char -W -Wall -Werror=return-type -Werror=non-virtual-dtor -Werror=address -Werror=sequence-point -Wformat -Werror=format-security -Wmissing-declarations -Wmissing-prototypes -Wstrict-prototypes -Wundef -Winit-self -Wpointer-arith -Wshadow -Wsign-promo -Wuninitialized -Winit-self -Wno-delete-non-virtual-dtor -Wno-unnamed-type-template-args -Wno-comment -Wno-deprecated-enum-enum-conversion -Wno-deprecated-anon-enum-enum-conversion -fdiagnostics-show-option -Qunused-arguments -Wno-semicolon-before-method-body -ffunction-sections -fdata-sections    -fvisibility=hidden -fvisibility-inlines-hidden  -O3 -DNDEBUG  -DNDEBUG -arch arm64 -isysroot /Applications/Xcode.app/Contents/Developer/Platforms/MacOSX.platform/Developer/SDKs/MacOSX12.3.sdk -fPIE -MD -MT CMakeFiles/cmTC_5b7e2.dir/SIZEOF_UNSIGNED_CHAR_P.c.o -MF CMakeFiles/cmTC_5b7e2.dir/SIZEOF_UNSIGNED_CHAR_P.c.o.d -o CMakeFiles/cmTC_5b7e2.dir/SIZEOF_UNSIGNED_CHAR_P.c.o -c /Users/clementtongpersonal/Desktop/Programming/2022/SafelySail-AI/cv2/opencv-4.5.0/build/CMakeFiles/CMakeScratch/TryCompile-fkbDqn/SIZEOF_UNSIGNED_CHAR_P.c
Linking C executable cmTC_5b7e2
/opt/homebrew/Cellar/cmake/3.25.1/bin/cmake -E cmake_link_script CMakeFiles/cmTC_5b7e2.dir/link.txt --verbose=1
/Applications/Xcode.app/Contents/Developer/Toolchains/XcodeDefault.xctoolchain/usr/bin/cc    -fsigned-char -W -Wall -Werror=return-type -Werror=non-virtual-dtor -Werror=address -Werror=sequence-point -Wformat -Werror=format-security -Wmissing-declarations -Wmissing-prototypes -Wstrict-prototypes -Wundef -Winit-self -Wpointer-arith -Wshadow -Wsign-promo -Wuninitialized -Winit-self -Wno-delete-non-virtual-dtor -Wno-unnamed-type-template-args -Wno-comment -Wno-deprecated-enum-enum-conversion -Wno-deprecated-anon-enum-enum-conversion -fdiagnostics-show-option -Qunused-arguments -Wno-semicolon-before-method-body -ffunction-sections -fdata-sections    -fvisibility=hidden -fvisibility-inlines-hidden  -O3 -DNDEBUG  -DNDEBUG -arch arm64 -isysroot /Applications/Xcode.app/Contents/Developer/Platforms/MacOSX.platform/Developer/SDKs/MacOSX12.3.sdk -Wl,-search_paths_first -Wl,-headerpad_max_install_names   -Wl,-dead_strip  CMakeFiles/cmTC_5b7e2.dir/SIZEOF_UNSIGNED_CHAR_P.c.o -o cmTC_5b7e2 



Determining size of ptrdiff_t passed with the following output:
Change Dir: /Users/clementtongpersonal/Desktop/Programming/2022/SafelySail-AI/cv2/opencv-4.5.0/build/CMakeFiles/CMakeScratch/TryCompile-mcTp9o

Run Build Command(s):/usr/bin/make -f Makefile cmTC_fdfc8/fast && /Applications/Xcode.app/Contents/Developer/usr/bin/make  -f CMakeFiles/cmTC_fdfc8.dir/build.make CMakeFiles/cmTC_fdfc8.dir/build
Building C object CMakeFiles/cmTC_fdfc8.dir/SIZEOF_PTRDIFF_T.c.o
/Applications/Xcode.app/Contents/Developer/Toolchains/XcodeDefault.xctoolchain/usr/bin/cc   -fsigned-char -W -Wall -Werror=return-type -Werror=non-virtual-dtor -Werror=address -Werror=sequence-point -Wformat -Werror=format-security -Wmissing-declarations -Wmissing-prototypes -Wstrict-prototypes -Wundef -Winit-self -Wpointer-arith -Wshadow -Wsign-promo -Wuninitialized -Winit-self -Wno-delete-non-virtual-dtor -Wno-unnamed-type-template-args -Wno-comment -Wno-deprecated-enum-enum-conversion -Wno-deprecated-anon-enum-enum-conversion -fdiagnostics-show-option -Qunused-arguments -Wno-semicolon-before-method-body -ffunction-sections -fdata-sections    -fvisibility=hidden -fvisibility-inlines-hidden  -O3 -DNDEBUG  -DNDEBUG -arch arm64 -isysroot /Applications/Xcode.app/Contents/Developer/Platforms/MacOSX.platform/Developer/SDKs/MacOSX12.3.sdk -fPIE -MD -MT CMakeFiles/cmTC_fdfc8.dir/SIZEOF_PTRDIFF_T.c.o -MF CMakeFiles/cmTC_fdfc8.dir/SIZEOF_PTRDIFF_T.c.o.d -o CMakeFiles/cmTC_fdfc8.dir/SIZEOF_PTRDIFF_T.c.o -c /Users/clementtongpersonal/Desktop/Programming/2022/SafelySail-AI/cv2/opencv-4.5.0/build/CMakeFiles/CMakeScratch/TryCompile-mcTp9o/SIZEOF_PTRDIFF_T.c
Linking C executable cmTC_fdfc8
/opt/homebrew/Cellar/cmake/3.25.1/bin/cmake -E cmake_link_script CMakeFiles/cmTC_fdfc8.dir/link.txt --verbose=1
/Applications/Xcode.app/Contents/Developer/Toolchains/XcodeDefault.xctoolchain/usr/bin/cc    -fsigned-char -W -Wall -Werror=return-type -Werror=non-virtual-dtor -Werror=address -Werror=sequence-point -Wformat -Werror=format-security -Wmissing-declarations -Wmissing-prototypes -Wstrict-prototypes -Wundef -Winit-self -Wpointer-arith -Wshadow -Wsign-promo -Wuninitialized -Winit-self -Wno-delete-non-virtual-dtor -Wno-unnamed-type-template-args -Wno-comment -Wno-deprecated-enum-enum-conversion -Wno-deprecated-anon-enum-enum-conversion -fdiagnostics-show-option -Qunused-arguments -Wno-semicolon-before-method-body -ffunction-sections -fdata-sections    -fvisibility=hidden -fvisibility-inlines-hidden  -O3 -DNDEBUG  -DNDEBUG -arch arm64 -isysroot /Applications/Xcode.app/Contents/Developer/Platforms/MacOSX.platform/Developer/SDKs/MacOSX12.3.sdk -Wl,-search_paths_first -Wl,-headerpad_max_install_names   -Wl,-dead_strip  CMakeFiles/cmTC_fdfc8.dir/SIZEOF_PTRDIFF_T.c.o -o cmTC_fdfc8 



Determining if the function floor exists passed with the following output:
Change Dir: /Users/clementtongpersonal/Desktop/Programming/2022/SafelySail-AI/cv2/opencv-4.5.0/build/CMakeFiles/CMakeScratch/TryCompile-q2xyDZ

Run Build Command(s):/usr/bin/make -f Makefile cmTC_a46f4/fast && /Applications/Xcode.app/Contents/Developer/usr/bin/make  -f CMakeFiles/cmTC_a46f4.dir/build.make CMakeFiles/cmTC_a46f4.dir/build
Building C object CMakeFiles/cmTC_a46f4.dir/CheckFunctionExists.c.o
/Applications/Xcode.app/Contents/Developer/Toolchains/XcodeDefault.xctoolchain/usr/bin/cc   -fsigned-char -W -Wall -Werror=return-type -Werror=non-virtual-dtor -Werror=address -Werror=sequence-point -Wformat -Werror=format-security -Wmissing-declarations -Wmissing-prototypes -Wstrict-prototypes -Wundef -Winit-self -Wpointer-arith -Wshadow -Wsign-promo -Wuninitialized -Winit-self -Wno-delete-non-virtual-dtor -Wno-unnamed-type-template-args -Wno-comment -Wno-deprecated-enum-enum-conversion -Wno-deprecated-anon-enum-enum-conversion -fdiagnostics-show-option -Qunused-arguments -Wno-semicolon-before-method-body -ffunction-sections -fdata-sections    -fvisibility=hidden -fvisibility-inlines-hidden -DCHECK_FUNCTION_EXISTS=floor -O3 -DNDEBUG  -DNDEBUG -arch arm64 -isysroot /Applications/Xcode.app/Contents/Developer/Platforms/MacOSX.platform/Developer/SDKs/MacOSX12.3.sdk -fPIE -MD -MT CMakeFiles/cmTC_a46f4.dir/CheckFunctionExists.c.o -MF CMakeFiles/cmTC_a46f4.dir/CheckFunctionExists.c.o.d -o CMakeFiles/cmTC_a46f4.dir/CheckFunctionExists.c.o -c /Users/clementtongpersonal/Desktop/Programming/2022/SafelySail-AI/cv2/opencv-4.5.0/build/CMakeFiles/CMakeScratch/TryCompile-q2xyDZ/CheckFunctionExists.c
/Users/clementtongpersonal/Desktop/Programming/2022/SafelySail-AI/cv2/opencv-4.5.0/build/CMakeFiles/CMakeScratch/TryCompile-q2xyDZ/CheckFunctionExists.c:7:3: warning: incompatible redeclaration of library function 'floor' [-Wincompatible-library-redeclaration]
  CHECK_FUNCTION_EXISTS(void);
  ^
<command line>:1:31: note: expanded from here
#define CHECK_FUNCTION_EXISTS floor
                              ^
/Users/clementtongpersonal/Desktop/Programming/2022/SafelySail-AI/cv2/opencv-4.5.0/build/CMakeFiles/CMakeScratch/TryCompile-q2xyDZ/CheckFunctionExists.c:7:3: note: 'floor' is a builtin with type 'double (double)'
<command line>:1:31: note: expanded from here
#define CHECK_FUNCTION_EXISTS floor
                              ^
1 warning generated.
Linking C executable cmTC_a46f4
/opt/homebrew/Cellar/cmake/3.25.1/bin/cmake -E cmake_link_script CMakeFiles/cmTC_a46f4.dir/link.txt --verbose=1
/Applications/Xcode.app/Contents/Developer/Toolchains/XcodeDefault.xctoolchain/usr/bin/cc    -fsigned-char -W -Wall -Werror=return-type -Werror=non-virtual-dtor -Werror=address -Werror=sequence-point -Wformat -Werror=format-security -Wmissing-declarations -Wmissing-prototypes -Wstrict-prototypes -Wundef -Winit-self -Wpointer-arith -Wshadow -Wsign-promo -Wuninitialized -Winit-self -Wno-delete-non-virtual-dtor -Wno-unnamed-type-template-args -Wno-comment -Wno-deprecated-enum-enum-conversion -Wno-deprecated-anon-enum-enum-conversion -fdiagnostics-show-option -Qunused-arguments -Wno-semicolon-before-method-body -ffunction-sections -fdata-sections    -fvisibility=hidden -fvisibility-inlines-hidden -DCHECK_FUNCTION_EXISTS=floor -O3 -DNDEBUG  -DNDEBUG -arch arm64 -isysroot /Applications/Xcode.app/Contents/Developer/Platforms/MacOSX.platform/Developer/SDKs/MacOSX12.3.sdk -Wl,-search_paths_first -Wl,-headerpad_max_install_names   -Wl,-dead_strip  CMakeFiles/cmTC_a46f4.dir/CheckFunctionExists.c.o -o cmTC_a46f4  /Applications/Xcode.app/Contents/Developer/Platforms/MacOSX.platform/Developer/SDKs/MacOSX12.3.sdk/usr/lib/libm.tbd 



Determining if the function pow exists passed with the following output:
Change Dir: /Users/clementtongpersonal/Desktop/Programming/2022/SafelySail-AI/cv2/opencv-4.5.0/build/CMakeFiles/CMakeScratch/TryCompile-5GxsLp

Run Build Command(s):/usr/bin/make -f Makefile cmTC_ac810/fast && /Applications/Xcode.app/Contents/Developer/usr/bin/make  -f CMakeFiles/cmTC_ac810.dir/build.make CMakeFiles/cmTC_ac810.dir/build
Building C object CMakeFiles/cmTC_ac810.dir/CheckFunctionExists.c.o
/Applications/Xcode.app/Contents/Developer/Toolchains/XcodeDefault.xctoolchain/usr/bin/cc   -fsigned-char -W -Wall -Werror=return-type -Werror=non-virtual-dtor -Werror=address -Werror=sequence-point -Wformat -Werror=format-security -Wmissing-declarations -Wmissing-prototypes -Wstrict-prototypes -Wundef -Winit-self -Wpointer-arith -Wshadow -Wsign-promo -Wuninitialized -Winit-self -Wno-delete-non-virtual-dtor -Wno-unnamed-type-template-args -Wno-comment -Wno-deprecated-enum-enum-conversion -Wno-deprecated-anon-enum-enum-conversion -fdiagnostics-show-option -Qunused-arguments -Wno-semicolon-before-method-body -ffunction-sections -fdata-sections    -fvisibility=hidden -fvisibility-inlines-hidden -DCHECK_FUNCTION_EXISTS=pow -O3 -DNDEBUG  -DNDEBUG -arch arm64 -isysroot /Applications/Xcode.app/Contents/Developer/Platforms/MacOSX.platform/Developer/SDKs/MacOSX12.3.sdk -fPIE -MD -MT CMakeFiles/cmTC_ac810.dir/CheckFunctionExists.c.o -MF CMakeFiles/cmTC_ac810.dir/CheckFunctionExists.c.o.d -o CMakeFiles/cmTC_ac810.dir/CheckFunctionExists.c.o -c /Users/clementtongpersonal/Desktop/Programming/2022/SafelySail-AI/cv2/opencv-4.5.0/build/CMakeFiles/CMakeScratch/TryCompile-5GxsLp/CheckFunctionExists.c
/Users/clementtongpersonal/Desktop/Programming/2022/SafelySail-AI/cv2/opencv-4.5.0/build/CMakeFiles/CMakeScratch/TryCompile-5GxsLp/CheckFunctionExists.c:7:3: warning: incompatible redeclaration of library function 'pow' [-Wincompatible-library-redeclaration]
  CHECK_FUNCTION_EXISTS(void);
  ^
<command line>:1:31: note: expanded from here
#define CHECK_FUNCTION_EXISTS pow
                              ^
/Users/clementtongpersonal/Desktop/Programming/2022/SafelySail-AI/cv2/opencv-4.5.0/build/CMakeFiles/CMakeScratch/TryCompile-5GxsLp/CheckFunctionExists.c:7:3: note: 'pow' is a builtin with type 'double (double, double)'
<command line>:1:31: note: expanded from here
#define CHECK_FUNCTION_EXISTS pow
                              ^
1 warning generated.
Linking C executable cmTC_ac810
/opt/homebrew/Cellar/cmake/3.25.1/bin/cmake -E cmake_link_script CMakeFiles/cmTC_ac810.dir/link.txt --verbose=1
/Applications/Xcode.app/Contents/Developer/Toolchains/XcodeDefault.xctoolchain/usr/bin/cc    -fsigned-char -W -Wall -Werror=return-type -Werror=non-virtual-dtor -Werror=address -Werror=sequence-point -Wformat -Werror=format-security -Wmissing-declarations -Wmissing-prototypes -Wstrict-prototypes -Wundef -Winit-self -Wpointer-arith -Wshadow -Wsign-promo -Wuninitialized -Winit-self -Wno-delete-non-virtual-dtor -Wno-unnamed-type-template-args -Wno-comment -Wno-deprecated-enum-enum-conversion -Wno-deprecated-anon-enum-enum-conversion -fdiagnostics-show-option -Qunused-arguments -Wno-semicolon-before-method-body -ffunction-sections -fdata-sections    -fvisibility=hidden -fvisibility-inlines-hidden -DCHECK_FUNCTION_EXISTS=pow -O3 -DNDEBUG  -DNDEBUG -arch arm64 -isysroot /Applications/Xcode.app/Contents/Developer/Platforms/MacOSX.platform/Developer/SDKs/MacOSX12.3.sdk -Wl,-search_paths_first -Wl,-headerpad_max_install_names   -Wl,-dead_strip  CMakeFiles/cmTC_ac810.dir/CheckFunctionExists.c.o -o cmTC_ac810  /Applications/Xcode.app/Contents/Developer/Platforms/MacOSX.platform/Developer/SDKs/MacOSX12.3.sdk/usr/lib/libm.tbd 



Determining if the function sqrt exists passed with the following output:
Change Dir: /Users/clementtongpersonal/Desktop/Programming/2022/SafelySail-AI/cv2/opencv-4.5.0/build/CMakeFiles/CMakeScratch/TryCompile-0E4AwE

Run Build Command(s):/usr/bin/make -f Makefile cmTC_223c6/fast && /Applications/Xcode.app/Contents/Developer/usr/bin/make  -f CMakeFiles/cmTC_223c6.dir/build.make CMakeFiles/cmTC_223c6.dir/build
Building C object CMakeFiles/cmTC_223c6.dir/CheckFunctionExists.c.o
/Applications/Xcode.app/Contents/Developer/Toolchains/XcodeDefault.xctoolchain/usr/bin/cc   -fsigned-char -W -Wall -Werror=return-type -Werror=non-virtual-dtor -Werror=address -Werror=sequence-point -Wformat -Werror=format-security -Wmissing-declarations -Wmissing-prototypes -Wstrict-prototypes -Wundef -Winit-self -Wpointer-arith -Wshadow -Wsign-promo -Wuninitialized -Winit-self -Wno-delete-non-virtual-dtor -Wno-unnamed-type-template-args -Wno-comment -Wno-deprecated-enum-enum-conversion -Wno-deprecated-anon-enum-enum-conversion -fdiagnostics-show-option -Qunused-arguments -Wno-semicolon-before-method-body -ffunction-sections -fdata-sections    -fvisibility=hidden -fvisibility-inlines-hidden -DCHECK_FUNCTION_EXISTS=sqrt -O3 -DNDEBUG  -DNDEBUG -arch arm64 -isysroot /Applications/Xcode.app/Contents/Developer/Platforms/MacOSX.platform/Developer/SDKs/MacOSX12.3.sdk -fPIE -MD -MT CMakeFiles/cmTC_223c6.dir/CheckFunctionExists.c.o -MF CMakeFiles/cmTC_223c6.dir/CheckFunctionExists.c.o.d -o CMakeFiles/cmTC_223c6.dir/CheckFunctionExists.c.o -c /Users/clementtongpersonal/Desktop/Programming/2022/SafelySail-AI/cv2/opencv-4.5.0/build/CMakeFiles/CMakeScratch/TryCompile-0E4AwE/CheckFunctionExists.c
/Users/clementtongpersonal/Desktop/Programming/2022/SafelySail-AI/cv2/opencv-4.5.0/build/CMakeFiles/CMakeScratch/TryCompile-0E4AwE/CheckFunctionExists.c:7:3: warning: incompatible redeclaration of library function 'sqrt' [-Wincompatible-library-redeclaration]
  CHECK_FUNCTION_EXISTS(void);
  ^
<command line>:1:31: note: expanded from here
#define CHECK_FUNCTION_EXISTS sqrt
                              ^
/Users/clementtongpersonal/Desktop/Programming/2022/SafelySail-AI/cv2/opencv-4.5.0/build/CMakeFiles/CMakeScratch/TryCompile-0E4AwE/CheckFunctionExists.c:7:3: note: 'sqrt' is a builtin with type 'double (double)'
<command line>:1:31: note: expanded from here
#define CHECK_FUNCTION_EXISTS sqrt
                              ^
1 warning generated.
Linking C executable cmTC_223c6
/opt/homebrew/Cellar/cmake/3.25.1/bin/cmake -E cmake_link_script CMakeFiles/cmTC_223c6.dir/link.txt --verbose=1
/Applications/Xcode.app/Contents/Developer/Toolchains/XcodeDefault.xctoolchain/usr/bin/cc    -fsigned-char -W -Wall -Werror=return-type -Werror=non-virtual-dtor -Werror=address -Werror=sequence-point -Wformat -Werror=format-security -Wmissing-declarations -Wmissing-prototypes -Wstrict-prototypes -Wundef -Winit-self -Wpointer-arith -Wshadow -Wsign-promo -Wuninitialized -Winit-self -Wno-delete-non-virtual-dtor -Wno-unnamed-type-template-args -Wno-comment -Wno-deprecated-enum-enum-conversion -Wno-deprecated-anon-enum-enum-conversion -fdiagnostics-show-option -Qunused-arguments -Wno-semicolon-before-method-body -ffunction-sections -fdata-sections    -fvisibility=hidden -fvisibility-inlines-hidden -DCHECK_FUNCTION_EXISTS=sqrt -O3 -DNDEBUG  -DNDEBUG -arch arm64 -isysroot /Applications/Xcode.app/Contents/Developer/Platforms/MacOSX.platform/Developer/SDKs/MacOSX12.3.sdk -Wl,-search_paths_first -Wl,-headerpad_max_install_names   -Wl,-dead_strip  CMakeFiles/cmTC_223c6.dir/CheckFunctionExists.c.o -o cmTC_223c6  /Applications/Xcode.app/Contents/Developer/Platforms/MacOSX.platform/Developer/SDKs/MacOSX12.3.sdk/usr/lib/libm.tbd 



Determining if the function isascii exists passed with the following output:
Change Dir: /Users/clementtongpersonal/Desktop/Programming/2022/SafelySail-AI/cv2/opencv-4.5.0/build/CMakeFiles/CMakeScratch/TryCompile-kg0Zm2

Run Build Command(s):/usr/bin/make -f Makefile cmTC_49db3/fast && /Applications/Xcode.app/Contents/Developer/usr/bin/make  -f CMakeFiles/cmTC_49db3.dir/build.make CMakeFiles/cmTC_49db3.dir/build
Building C object CMakeFiles/cmTC_49db3.dir/CheckFunctionExists.c.o
/Applications/Xcode.app/Contents/Developer/Toolchains/XcodeDefault.xctoolchain/usr/bin/cc   -fsigned-char -W -Wall -Werror=return-type -Werror=non-virtual-dtor -Werror=address -Werror=sequence-point -Wformat -Werror=format-security -Wmissing-declarations -Wmissing-prototypes -Wstrict-prototypes -Wundef -Winit-self -Wpointer-arith -Wshadow -Wsign-promo -Wuninitialized -Winit-self -Wno-delete-non-virtual-dtor -Wno-unnamed-type-template-args -Wno-comment -Wno-deprecated-enum-enum-conversion -Wno-deprecated-anon-enum-enum-conversion -fdiagnostics-show-option -Qunused-arguments -Wno-semicolon-before-method-body -ffunction-sections -fdata-sections    -fvisibility=hidden -fvisibility-inlines-hidden -DCHECK_FUNCTION_EXISTS=isascii -O3 -DNDEBUG  -DNDEBUG -arch arm64 -isysroot /Applications/Xcode.app/Contents/Developer/Platforms/MacOSX.platform/Developer/SDKs/MacOSX12.3.sdk -fPIE -MD -MT CMakeFiles/cmTC_49db3.dir/CheckFunctionExists.c.o -MF CMakeFiles/cmTC_49db3.dir/CheckFunctionExists.c.o.d -o CMakeFiles/cmTC_49db3.dir/CheckFunctionExists.c.o -c /Users/clementtongpersonal/Desktop/Programming/2022/SafelySail-AI/cv2/opencv-4.5.0/build/CMakeFiles/CMakeScratch/TryCompile-kg0Zm2/CheckFunctionExists.c
Linking C executable cmTC_49db3
/opt/homebrew/Cellar/cmake/3.25.1/bin/cmake -E cmake_link_script CMakeFiles/cmTC_49db3.dir/link.txt --verbose=1
/Applications/Xcode.app/Contents/Developer/Toolchains/XcodeDefault.xctoolchain/usr/bin/cc    -fsigned-char -W -Wall -Werror=return-type -Werror=non-virtual-dtor -Werror=address -Werror=sequence-point -Wformat -Werror=format-security -Wmissing-declarations -Wmissing-prototypes -Wstrict-prototypes -Wundef -Winit-self -Wpointer-arith -Wshadow -Wsign-promo -Wuninitialized -Winit-self -Wno-delete-non-virtual-dtor -Wno-unnamed-type-template-args -Wno-comment -Wno-deprecated-enum-enum-conversion -Wno-deprecated-anon-enum-enum-conversion -fdiagnostics-show-option -Qunused-arguments -Wno-semicolon-before-method-body -ffunction-sections -fdata-sections    -fvisibility=hidden -fvisibility-inlines-hidden -DCHECK_FUNCTION_EXISTS=isascii -O3 -DNDEBUG  -DNDEBUG -arch arm64 -isysroot /Applications/Xcode.app/Contents/Developer/Platforms/MacOSX.platform/Developer/SDKs/MacOSX12.3.sdk -Wl,-search_paths_first -Wl,-headerpad_max_install_names   -Wl,-dead_strip  CMakeFiles/cmTC_49db3.dir/CheckFunctionExists.c.o -o cmTC_49db3 



Determining if the function memset exists passed with the following output:
Change Dir: /Users/clementtongpersonal/Desktop/Programming/2022/SafelySail-AI/cv2/opencv-4.5.0/build/CMakeFiles/CMakeScratch/TryCompile-F261dp

Run Build Command(s):/usr/bin/make -f Makefile cmTC_0827e/fast && /Applications/Xcode.app/Contents/Developer/usr/bin/make  -f CMakeFiles/cmTC_0827e.dir/build.make CMakeFiles/cmTC_0827e.dir/build
Building C object CMakeFiles/cmTC_0827e.dir/CheckFunctionExists.c.o
/Applications/Xcode.app/Contents/Developer/Toolchains/XcodeDefault.xctoolchain/usr/bin/cc   -fsigned-char -W -Wall -Werror=return-type -Werror=non-virtual-dtor -Werror=address -Werror=sequence-point -Wformat -Werror=format-security -Wmissing-declarations -Wmissing-prototypes -Wstrict-prototypes -Wundef -Winit-self -Wpointer-arith -Wshadow -Wsign-promo -Wuninitialized -Winit-self -Wno-delete-non-virtual-dtor -Wno-unnamed-type-template-args -Wno-comment -Wno-deprecated-enum-enum-conversion -Wno-deprecated-anon-enum-enum-conversion -fdiagnostics-show-option -Qunused-arguments -Wno-semicolon-before-method-body -ffunction-sections -fdata-sections    -fvisibility=hidden -fvisibility-inlines-hidden -DCHECK_FUNCTION_EXISTS=memset -O3 -DNDEBUG  -DNDEBUG -arch arm64 -isysroot /Applications/Xcode.app/Contents/Developer/Platforms/MacOSX.platform/Developer/SDKs/MacOSX12.3.sdk -fPIE -MD -MT CMakeFiles/cmTC_0827e.dir/CheckFunctionExists.c.o -MF CMakeFiles/cmTC_0827e.dir/CheckFunctionExists.c.o.d -o CMakeFiles/cmTC_0827e.dir/CheckFunctionExists.c.o -c /Users/clementtongpersonal/Desktop/Programming/2022/SafelySail-AI/cv2/opencv-4.5.0/build/CMakeFiles/CMakeScratch/TryCompile-F261dp/CheckFunctionExists.c
/Users/clementtongpersonal/Desktop/Programming/2022/SafelySail-AI/cv2/opencv-4.5.0/build/CMakeFiles/CMakeScratch/TryCompile-F261dp/CheckFunctionExists.c:7:3: warning: incompatible redeclaration of library function 'memset' [-Wincompatible-library-redeclaration]
  CHECK_FUNCTION_EXISTS(void);
  ^
<command line>:1:31: note: expanded from here
#define CHECK_FUNCTION_EXISTS memset
                              ^
/Users/clementtongpersonal/Desktop/Programming/2022/SafelySail-AI/cv2/opencv-4.5.0/build/CMakeFiles/CMakeScratch/TryCompile-F261dp/CheckFunctionExists.c:7:3: note: 'memset' is a builtin with type 'void *(void *, int, unsigned long)'
<command line>:1:31: note: expanded from here
#define CHECK_FUNCTION_EXISTS memset
                              ^
1 warning generated.
Linking C executable cmTC_0827e
/opt/homebrew/Cellar/cmake/3.25.1/bin/cmake -E cmake_link_script CMakeFiles/cmTC_0827e.dir/link.txt --verbose=1
/Applications/Xcode.app/Contents/Developer/Toolchains/XcodeDefault.xctoolchain/usr/bin/cc    -fsigned-char -W -Wall -Werror=return-type -Werror=non-virtual-dtor -Werror=address -Werror=sequence-point -Wformat -Werror=format-security -Wmissing-declarations -Wmissing-prototypes -Wstrict-prototypes -Wundef -Winit-self -Wpointer-arith -Wshadow -Wsign-promo -Wuninitialized -Winit-self -Wno-delete-non-virtual-dtor -Wno-unnamed-type-template-args -Wno-comment -Wno-deprecated-enum-enum-conversion -Wno-deprecated-anon-enum-enum-conversion -fdiagnostics-show-option -Qunused-arguments -Wno-semicolon-before-method-body -ffunction-sections -fdata-sections    -fvisibility=hidden -fvisibility-inlines-hidden -DCHECK_FUNCTION_EXISTS=memset -O3 -DNDEBUG  -DNDEBUG -arch arm64 -isysroot /Applications/Xcode.app/Contents/Developer/Platforms/MacOSX.platform/Developer/SDKs/MacOSX12.3.sdk -Wl,-search_paths_first -Wl,-headerpad_max_install_names   -Wl,-dead_strip  CMakeFiles/cmTC_0827e.dir/CheckFunctionExists.c.o -o cmTC_0827e 



Determining if the function mmap exists passed with the following output:
Change Dir: /Users/clementtongpersonal/Desktop/Programming/2022/SafelySail-AI/cv2/opencv-4.5.0/build/CMakeFiles/CMakeScratch/TryCompile-tRobRv

Run Build Command(s):/usr/bin/make -f Makefile cmTC_f61cb/fast && /Applications/Xcode.app/Contents/Developer/usr/bin/make  -f CMakeFiles/cmTC_f61cb.dir/build.make CMakeFiles/cmTC_f61cb.dir/build
Building C object CMakeFiles/cmTC_f61cb.dir/CheckFunctionExists.c.o
/Applications/Xcode.app/Contents/Developer/Toolchains/XcodeDefault.xctoolchain/usr/bin/cc   -fsigned-char -W -Wall -Werror=return-type -Werror=non-virtual-dtor -Werror=address -Werror=sequence-point -Wformat -Werror=format-security -Wmissing-declarations -Wmissing-prototypes -Wstrict-prototypes -Wundef -Winit-self -Wpointer-arith -Wshadow -Wsign-promo -Wuninitialized -Winit-self -Wno-delete-non-virtual-dtor -Wno-unnamed-type-template-args -Wno-comment -Wno-deprecated-enum-enum-conversion -Wno-deprecated-anon-enum-enum-conversion -fdiagnostics-show-option -Qunused-arguments -Wno-semicolon-before-method-body -ffunction-sections -fdata-sections    -fvisibility=hidden -fvisibility-inlines-hidden -DCHECK_FUNCTION_EXISTS=mmap -O3 -DNDEBUG  -DNDEBUG -arch arm64 -isysroot /Applications/Xcode.app/Contents/Developer/Platforms/MacOSX.platform/Developer/SDKs/MacOSX12.3.sdk -fPIE -MD -MT CMakeFiles/cmTC_f61cb.dir/CheckFunctionExists.c.o -MF CMakeFiles/cmTC_f61cb.dir/CheckFunctionExists.c.o.d -o CMakeFiles/cmTC_f61cb.dir/CheckFunctionExists.c.o -c /Users/clementtongpersonal/Desktop/Programming/2022/SafelySail-AI/cv2/opencv-4.5.0/build/CMakeFiles/CMakeScratch/TryCompile-tRobRv/CheckFunctionExists.c
Linking C executable cmTC_f61cb
/opt/homebrew/Cellar/cmake/3.25.1/bin/cmake -E cmake_link_script CMakeFiles/cmTC_f61cb.dir/link.txt --verbose=1
/Applications/Xcode.app/Contents/Developer/Toolchains/XcodeDefault.xctoolchain/usr/bin/cc    -fsigned-char -W -Wall -Werror=return-type -Werror=non-virtual-dtor -Werror=address -Werror=sequence-point -Wformat -Werror=format-security -Wmissing-declarations -Wmissing-prototypes -Wstrict-prototypes -Wundef -Winit-self -Wpointer-arith -Wshadow -Wsign-promo -Wuninitialized -Winit-self -Wno-delete-non-virtual-dtor -Wno-unnamed-type-template-args -Wno-comment -Wno-deprecated-enum-enum-conversion -Wno-deprecated-anon-enum-enum-conversion -fdiagnostics-show-option -Qunused-arguments -Wno-semicolon-before-method-body -ffunction-sections -fdata-sections    -fvisibility=hidden -fvisibility-inlines-hidden -DCHECK_FUNCTION_EXISTS=mmap -O3 -DNDEBUG  -DNDEBUG -arch arm64 -isysroot /Applications/Xcode.app/Contents/Developer/Platforms/MacOSX.platform/Developer/SDKs/MacOSX12.3.sdk -Wl,-search_paths_first -Wl,-headerpad_max_install_names   -Wl,-dead_strip  CMakeFiles/cmTC_f61cb.dir/CheckFunctionExists.c.o -o cmTC_f61cb 



Determining if the function getopt exists passed with the following output:
Change Dir: /Users/clementtongpersonal/Desktop/Programming/2022/SafelySail-AI/cv2/opencv-4.5.0/build/CMakeFiles/CMakeScratch/TryCompile-xNjngi

Run Build Command(s):/usr/bin/make -f Makefile cmTC_b47f5/fast && /Applications/Xcode.app/Contents/Developer/usr/bin/make  -f CMakeFiles/cmTC_b47f5.dir/build.make CMakeFiles/cmTC_b47f5.dir/build
Building C object CMakeFiles/cmTC_b47f5.dir/CheckFunctionExists.c.o
/Applications/Xcode.app/Contents/Developer/Toolchains/XcodeDefault.xctoolchain/usr/bin/cc   -fsigned-char -W -Wall -Werror=return-type -Werror=non-virtual-dtor -Werror=address -Werror=sequence-point -Wformat -Werror=format-security -Wmissing-declarations -Wmissing-prototypes -Wstrict-prototypes -Wundef -Winit-self -Wpointer-arith -Wshadow -Wsign-promo -Wuninitialized -Winit-self -Wno-delete-non-virtual-dtor -Wno-unnamed-type-template-args -Wno-comment -Wno-deprecated-enum-enum-conversion -Wno-deprecated-anon-enum-enum-conversion -fdiagnostics-show-option -Qunused-arguments -Wno-semicolon-before-method-body -ffunction-sections -fdata-sections    -fvisibility=hidden -fvisibility-inlines-hidden -DCHECK_FUNCTION_EXISTS=getopt -O3 -DNDEBUG  -DNDEBUG -arch arm64 -isysroot /Applications/Xcode.app/Contents/Developer/Platforms/MacOSX.platform/Developer/SDKs/MacOSX12.3.sdk -fPIE -MD -MT CMakeFiles/cmTC_b47f5.dir/CheckFunctionExists.c.o -MF CMakeFiles/cmTC_b47f5.dir/CheckFunctionExists.c.o.d -o CMakeFiles/cmTC_b47f5.dir/CheckFunctionExists.c.o -c /Users/clementtongpersonal/Desktop/Programming/2022/SafelySail-AI/cv2/opencv-4.5.0/build/CMakeFiles/CMakeScratch/TryCompile-xNjngi/CheckFunctionExists.c
Linking C executable cmTC_b47f5
/opt/homebrew/Cellar/cmake/3.25.1/bin/cmake -E cmake_link_script CMakeFiles/cmTC_b47f5.dir/link.txt --verbose=1
/Applications/Xcode.app/Contents/Developer/Toolchains/XcodeDefault.xctoolchain/usr/bin/cc    -fsigned-char -W -Wall -Werror=return-type -Werror=non-virtual-dtor -Werror=address -Werror=sequence-point -Wformat -Werror=format-security -Wmissing-declarations -Wmissing-prototypes -Wstrict-prototypes -Wundef -Winit-self -Wpointer-arith -Wshadow -Wsign-promo -Wuninitialized -Winit-self -Wno-delete-non-virtual-dtor -Wno-unnamed-type-template-args -Wno-comment -Wno-deprecated-enum-enum-conversion -Wno-deprecated-anon-enum-enum-conversion -fdiagnostics-show-option -Qunused-arguments -Wno-semicolon-before-method-body -ffunction-sections -fdata-sections    -fvisibility=hidden -fvisibility-inlines-hidden -DCHECK_FUNCTION_EXISTS=getopt -O3 -DNDEBUG  -DNDEBUG -arch arm64 -isysroot /Applications/Xcode.app/Contents/Developer/Platforms/MacOSX.platform/Developer/SDKs/MacOSX12.3.sdk -Wl,-search_paths_first -Wl,-headerpad_max_install_names   -Wl,-dead_strip  CMakeFiles/cmTC_b47f5.dir/CheckFunctionExists.c.o -o cmTC_b47f5 



Determining if the function memmove exists passed with the following output:
Change Dir: /Users/clementtongpersonal/Desktop/Programming/2022/SafelySail-AI/cv2/opencv-4.5.0/build/CMakeFiles/CMakeScratch/TryCompile-630xtA

Run Build Command(s):/usr/bin/make -f Makefile cmTC_5a79c/fast && /Applications/Xcode.app/Contents/Developer/usr/bin/make  -f CMakeFiles/cmTC_5a79c.dir/build.make CMakeFiles/cmTC_5a79c.dir/build
Building C object CMakeFiles/cmTC_5a79c.dir/CheckFunctionExists.c.o
/Applications/Xcode.app/Contents/Developer/Toolchains/XcodeDefault.xctoolchain/usr/bin/cc   -fsigned-char -W -Wall -Werror=return-type -Werror=non-virtual-dtor -Werror=address -Werror=sequence-point -Wformat -Werror=format-security -Wmissing-declarations -Wmissing-prototypes -Wstrict-prototypes -Wundef -Winit-self -Wpointer-arith -Wshadow -Wsign-promo -Wuninitialized -Winit-self -Wno-delete-non-virtual-dtor -Wno-unnamed-type-template-args -Wno-comment -Wno-deprecated-enum-enum-conversion -Wno-deprecated-anon-enum-enum-conversion -fdiagnostics-show-option -Qunused-arguments -Wno-semicolon-before-method-body -ffunction-sections -fdata-sections    -fvisibility=hidden -fvisibility-inlines-hidden -DCHECK_FUNCTION_EXISTS=memmove -O3 -DNDEBUG  -DNDEBUG -arch arm64 -isysroot /Applications/Xcode.app/Contents/Developer/Platforms/MacOSX.platform/Developer/SDKs/MacOSX12.3.sdk -fPIE -MD -MT CMakeFiles/cmTC_5a79c.dir/CheckFunctionExists.c.o -MF CMakeFiles/cmTC_5a79c.dir/CheckFunctionExists.c.o.d -o CMakeFiles/cmTC_5a79c.dir/CheckFunctionExists.c.o -c /Users/clementtongpersonal/Desktop/Programming/2022/SafelySail-AI/cv2/opencv-4.5.0/build/CMakeFiles/CMakeScratch/TryCompile-630xtA/CheckFunctionExists.c
/Users/clementtongpersonal/Desktop/Programming/2022/SafelySail-AI/cv2/opencv-4.5.0/build/CMakeFiles/CMakeScratch/TryCompile-630xtA/CheckFunctionExists.c:7:3: warning: incompatible redeclaration of library function 'memmove' [-Wincompatible-library-redeclaration]
  CHECK_FUNCTION_EXISTS(void);
  ^
<command line>:1:31: note: expanded from here
#define CHECK_FUNCTION_EXISTS memmove
                              ^
/Users/clementtongpersonal/Desktop/Programming/2022/SafelySail-AI/cv2/opencv-4.5.0/build/CMakeFiles/CMakeScratch/TryCompile-630xtA/CheckFunctionExists.c:7:3: note: 'memmove' is a builtin with type 'void *(void *, const void *, unsigned long)'
<command line>:1:31: note: expanded from here
#define CHECK_FUNCTION_EXISTS memmove
                              ^
1 warning generated.
Linking C executable cmTC_5a79c
/opt/homebrew/Cellar/cmake/3.25.1/bin/cmake -E cmake_link_script CMakeFiles/cmTC_5a79c.dir/link.txt --verbose=1
/Applications/Xcode.app/Contents/Developer/Toolchains/XcodeDefault.xctoolchain/usr/bin/cc    -fsigned-char -W -Wall -Werror=return-type -Werror=non-virtual-dtor -Werror=address -Werror=sequence-point -Wformat -Werror=format-security -Wmissing-declarations -Wmissing-prototypes -Wstrict-prototypes -Wundef -Winit-self -Wpointer-arith -Wshadow -Wsign-promo -Wuninitialized -Winit-self -Wno-delete-non-virtual-dtor -Wno-unnamed-type-template-args -Wno-comment -Wno-deprecated-enum-enum-conversion -Wno-deprecated-anon-enum-enum-conversion -fdiagnostics-show-option -Qunused-arguments -Wno-semicolon-before-method-body -ffunction-sections -fdata-sections    -fvisibility=hidden -fvisibility-inlines-hidden -DCHECK_FUNCTION_EXISTS=memmove -O3 -DNDEBUG  -DNDEBUG -arch arm64 -isysroot /Applications/Xcode.app/Contents/Developer/Platforms/MacOSX.platform/Developer/SDKs/MacOSX12.3.sdk -Wl,-search_paths_first -Wl,-headerpad_max_install_names   -Wl,-dead_strip  CMakeFiles/cmTC_5a79c.dir/CheckFunctionExists.c.o -o cmTC_5a79c 



Determining if the function setmode exists passed with the following output:
Change Dir: /Users/clementtongpersonal/Desktop/Programming/2022/SafelySail-AI/cv2/opencv-4.5.0/build/CMakeFiles/CMakeScratch/TryCompile-937MBg

Run Build Command(s):/usr/bin/make -f Makefile cmTC_895be/fast && /Applications/Xcode.app/Contents/Developer/usr/bin/make  -f CMakeFiles/cmTC_895be.dir/build.make CMakeFiles/cmTC_895be.dir/build
Building C object CMakeFiles/cmTC_895be.dir/CheckFunctionExists.c.o
/Applications/Xcode.app/Contents/Developer/Toolchains/XcodeDefault.xctoolchain/usr/bin/cc   -fsigned-char -W -Wall -Werror=return-type -Werror=non-virtual-dtor -Werror=address -Werror=sequence-point -Wformat -Werror=format-security -Wmissing-declarations -Wmissing-prototypes -Wstrict-prototypes -Wundef -Winit-self -Wpointer-arith -Wshadow -Wsign-promo -Wuninitialized -Winit-self -Wno-delete-non-virtual-dtor -Wno-unnamed-type-template-args -Wno-comment -Wno-deprecated-enum-enum-conversion -Wno-deprecated-anon-enum-enum-conversion -fdiagnostics-show-option -Qunused-arguments -Wno-semicolon-before-method-body -ffunction-sections -fdata-sections    -fvisibility=hidden -fvisibility-inlines-hidden -DCHECK_FUNCTION_EXISTS=setmode -O3 -DNDEBUG  -DNDEBUG -arch arm64 -isysroot /Applications/Xcode.app/Contents/Developer/Platforms/MacOSX.platform/Developer/SDKs/MacOSX12.3.sdk -fPIE -MD -MT CMakeFiles/cmTC_895be.dir/CheckFunctionExists.c.o -MF CMakeFiles/cmTC_895be.dir/CheckFunctionExists.c.o.d -o CMakeFiles/cmTC_895be.dir/CheckFunctionExists.c.o -c /Users/clementtongpersonal/Desktop/Programming/2022/SafelySail-AI/cv2/opencv-4.5.0/build/CMakeFiles/CMakeScratch/TryCompile-937MBg/CheckFunctionExists.c
Linking C executable cmTC_895be
/opt/homebrew/Cellar/cmake/3.25.1/bin/cmake -E cmake_link_script CMakeFiles/cmTC_895be.dir/link.txt --verbose=1
/Applications/Xcode.app/Contents/Developer/Toolchains/XcodeDefault.xctoolchain/usr/bin/cc    -fsigned-char -W -Wall -Werror=return-type -Werror=non-virtual-dtor -Werror=address -Werror=sequence-point -Wformat -Werror=format-security -Wmissing-declarations -Wmissing-prototypes -Wstrict-prototypes -Wundef -Winit-self -Wpointer-arith -Wshadow -Wsign-promo -Wuninitialized -Winit-self -Wno-delete-non-virtual-dtor -Wno-unnamed-type-template-args -Wno-comment -Wno-deprecated-enum-enum-conversion -Wno-deprecated-anon-enum-enum-conversion -fdiagnostics-show-option -Qunused-arguments -Wno-semicolon-before-method-body -ffunction-sections -fdata-sections    -fvisibility=hidden -fvisibility-inlines-hidden -DCHECK_FUNCTION_EXISTS=setmode -O3 -DNDEBUG  -DNDEBUG -arch arm64 -isysroot /Applications/Xcode.app/Contents/Developer/Platforms/MacOSX.platform/Developer/SDKs/MacOSX12.3.sdk -Wl,-search_paths_first -Wl,-headerpad_max_install_names   -Wl,-dead_strip  CMakeFiles/cmTC_895be.dir/CheckFunctionExists.c.o -o cmTC_895be 



Determining if the function strcasecmp exists passed with the following output:
Change Dir: /Users/clementtongpersonal/Desktop/Programming/2022/SafelySail-AI/cv2/opencv-4.5.0/build/CMakeFiles/CMakeScratch/TryCompile-zPBliL

Run Build Command(s):/usr/bin/make -f Makefile cmTC_e370f/fast && /Applications/Xcode.app/Contents/Developer/usr/bin/make  -f CMakeFiles/cmTC_e370f.dir/build.make CMakeFiles/cmTC_e370f.dir/build
Building C object CMakeFiles/cmTC_e370f.dir/CheckFunctionExists.c.o
/Applications/Xcode.app/Contents/Developer/Toolchains/XcodeDefault.xctoolchain/usr/bin/cc   -fsigned-char -W -Wall -Werror=return-type -Werror=non-virtual-dtor -Werror=address -Werror=sequence-point -Wformat -Werror=format-security -Wmissing-declarations -Wmissing-prototypes -Wstrict-prototypes -Wundef -Winit-self -Wpointer-arith -Wshadow -Wsign-promo -Wuninitialized -Winit-self -Wno-delete-non-virtual-dtor -Wno-unnamed-type-template-args -Wno-comment -Wno-deprecated-enum-enum-conversion -Wno-deprecated-anon-enum-enum-conversion -fdiagnostics-show-option -Qunused-arguments -Wno-semicolon-before-method-body -ffunction-sections -fdata-sections    -fvisibility=hidden -fvisibility-inlines-hidden -DCHECK_FUNCTION_EXISTS=strcasecmp -O3 -DNDEBUG  -DNDEBUG -arch arm64 -isysroot /Applications/Xcode.app/Contents/Developer/Platforms/MacOSX.platform/Developer/SDKs/MacOSX12.3.sdk -fPIE -MD -MT CMakeFiles/cmTC_e370f.dir/CheckFunctionExists.c.o -MF CMakeFiles/cmTC_e370f.dir/CheckFunctionExists.c.o.d -o CMakeFiles/cmTC_e370f.dir/CheckFunctionExists.c.o -c /Users/clementtongpersonal/Desktop/Programming/2022/SafelySail-AI/cv2/opencv-4.5.0/build/CMakeFiles/CMakeScratch/TryCompile-zPBliL/CheckFunctionExists.c
/Users/clementtongpersonal/Desktop/Programming/2022/SafelySail-AI/cv2/opencv-4.5.0/build/CMakeFiles/CMakeScratch/TryCompile-zPBliL/CheckFunctionExists.c:7:3: warning: incompatible redeclaration of library function 'strcasecmp' [-Wincompatible-library-redeclaration]
  CHECK_FUNCTION_EXISTS(void);
  ^
<command line>:1:31: note: expanded from here
#define CHECK_FUNCTION_EXISTS strcasecmp
                              ^
/Users/clementtongpersonal/Desktop/Programming/2022/SafelySail-AI/cv2/opencv-4.5.0/build/CMakeFiles/CMakeScratch/TryCompile-zPBliL/CheckFunctionExists.c:7:3: note: 'strcasecmp' is a builtin with type 'int (const char *, const char *)'
<command line>:1:31: note: expanded from here
#define CHECK_FUNCTION_EXISTS strcasecmp
                              ^
1 warning generated.
Linking C executable cmTC_e370f
/opt/homebrew/Cellar/cmake/3.25.1/bin/cmake -E cmake_link_script CMakeFiles/cmTC_e370f.dir/link.txt --verbose=1
/Applications/Xcode.app/Contents/Developer/Toolchains/XcodeDefault.xctoolchain/usr/bin/cc    -fsigned-char -W -Wall -Werror=return-type -Werror=non-virtual-dtor -Werror=address -Werror=sequence-point -Wformat -Werror=format-security -Wmissing-declarations -Wmissing-prototypes -Wstrict-prototypes -Wundef -Winit-self -Wpointer-arith -Wshadow -Wsign-promo -Wuninitialized -Winit-self -Wno-delete-non-virtual-dtor -Wno-unnamed-type-template-args -Wno-comment -Wno-deprecated-enum-enum-conversion -Wno-deprecated-anon-enum-enum-conversion -fdiagnostics-show-option -Qunused-arguments -Wno-semicolon-before-method-body -ffunction-sections -fdata-sections    -fvisibility=hidden -fvisibility-inlines-hidden -DCHECK_FUNCTION_EXISTS=strcasecmp -O3 -DNDEBUG  -DNDEBUG -arch arm64 -isysroot /Applications/Xcode.app/Contents/Developer/Platforms/MacOSX.platform/Developer/SDKs/MacOSX12.3.sdk -Wl,-search_paths_first -Wl,-headerpad_max_install_names   -Wl,-dead_strip  CMakeFiles/cmTC_e370f.dir/CheckFunctionExists.c.o -o cmTC_e370f 



Determining if the function strchr exists passed with the following output:
Change Dir: /Users/clementtongpersonal/Desktop/Programming/2022/SafelySail-AI/cv2/opencv-4.5.0/build/CMakeFiles/CMakeScratch/TryCompile-u7NGih

Run Build Command(s):/usr/bin/make -f Makefile cmTC_cd48b/fast && /Applications/Xcode.app/Contents/Developer/usr/bin/make  -f CMakeFiles/cmTC_cd48b.dir/build.make CMakeFiles/cmTC_cd48b.dir/build
Building C object CMakeFiles/cmTC_cd48b.dir/CheckFunctionExists.c.o
/Applications/Xcode.app/Contents/Developer/Toolchains/XcodeDefault.xctoolchain/usr/bin/cc   -fsigned-char -W -Wall -Werror=return-type -Werror=non-virtual-dtor -Werror=address -Werror=sequence-point -Wformat -Werror=format-security -Wmissing-declarations -Wmissing-prototypes -Wstrict-prototypes -Wundef -Winit-self -Wpointer-arith -Wshadow -Wsign-promo -Wuninitialized -Winit-self -Wno-delete-non-virtual-dtor -Wno-unnamed-type-template-args -Wno-comment -Wno-deprecated-enum-enum-conversion -Wno-deprecated-anon-enum-enum-conversion -fdiagnostics-show-option -Qunused-arguments -Wno-semicolon-before-method-body -ffunction-sections -fdata-sections    -fvisibility=hidden -fvisibility-inlines-hidden -DCHECK_FUNCTION_EXISTS=strchr -O3 -DNDEBUG  -DNDEBUG -arch arm64 -isysroot /Applications/Xcode.app/Contents/Developer/Platforms/MacOSX.platform/Developer/SDKs/MacOSX12.3.sdk -fPIE -MD -MT CMakeFiles/cmTC_cd48b.dir/CheckFunctionExists.c.o -MF CMakeFiles/cmTC_cd48b.dir/CheckFunctionExists.c.o.d -o CMakeFiles/cmTC_cd48b.dir/CheckFunctionExists.c.o -c /Users/clementtongpersonal/Desktop/Programming/2022/SafelySail-AI/cv2/opencv-4.5.0/build/CMakeFiles/CMakeScratch/TryCompile-u7NGih/CheckFunctionExists.c
/Users/clementtongpersonal/Desktop/Programming/2022/SafelySail-AI/cv2/opencv-4.5.0/build/CMakeFiles/CMakeScratch/TryCompile-u7NGih/CheckFunctionExists.c:7:3: warning: incompatible redeclaration of library function 'strchr' [-Wincompatible-library-redeclaration]
  CHECK_FUNCTION_EXISTS(void);
  ^
<command line>:1:31: note: expanded from here
#define CHECK_FUNCTION_EXISTS strchr
                              ^
/Users/clementtongpersonal/Desktop/Programming/2022/SafelySail-AI/cv2/opencv-4.5.0/build/CMakeFiles/CMakeScratch/TryCompile-u7NGih/CheckFunctionExists.c:7:3: note: 'strchr' is a builtin with type 'char *(const char *, int)'
<command line>:1:31: note: expanded from here
#define CHECK_FUNCTION_EXISTS strchr
                              ^
1 warning generated.
Linking C executable cmTC_cd48b
/opt/homebrew/Cellar/cmake/3.25.1/bin/cmake -E cmake_link_script CMakeFiles/cmTC_cd48b.dir/link.txt --verbose=1
/Applications/Xcode.app/Contents/Developer/Toolchains/XcodeDefault.xctoolchain/usr/bin/cc    -fsigned-char -W -Wall -Werror=return-type -Werror=non-virtual-dtor -Werror=address -Werror=sequence-point -Wformat -Werror=format-security -Wmissing-declarations -Wmissing-prototypes -Wstrict-prototypes -Wundef -Winit-self -Wpointer-arith -Wshadow -Wsign-promo -Wuninitialized -Winit-self -Wno-delete-non-virtual-dtor -Wno-unnamed-type-template-args -Wno-comment -Wno-deprecated-enum-enum-conversion -Wno-deprecated-anon-enum-enum-conversion -fdiagnostics-show-option -Qunused-arguments -Wno-semicolon-before-method-body -ffunction-sections -fdata-sections    -fvisibility=hidden -fvisibility-inlines-hidden -DCHECK_FUNCTION_EXISTS=strchr -O3 -DNDEBUG  -DNDEBUG -arch arm64 -isysroot /Applications/Xcode.app/Contents/Developer/Platforms/MacOSX.platform/Developer/SDKs/MacOSX12.3.sdk -Wl,-search_paths_first -Wl,-headerpad_max_install_names   -Wl,-dead_strip  CMakeFiles/cmTC_cd48b.dir/CheckFunctionExists.c.o -o cmTC_cd48b 



Determining if the function strrchr exists passed with the following output:
Change Dir: /Users/clementtongpersonal/Desktop/Programming/2022/SafelySail-AI/cv2/opencv-4.5.0/build/CMakeFiles/CMakeScratch/TryCompile-0vylMG

Run Build Command(s):/usr/bin/make -f Makefile cmTC_914e4/fast && /Applications/Xcode.app/Contents/Developer/usr/bin/make  -f CMakeFiles/cmTC_914e4.dir/build.make CMakeFiles/cmTC_914e4.dir/build
Building C object CMakeFiles/cmTC_914e4.dir/CheckFunctionExists.c.o
/Applications/Xcode.app/Contents/Developer/Toolchains/XcodeDefault.xctoolchain/usr/bin/cc   -fsigned-char -W -Wall -Werror=return-type -Werror=non-virtual-dtor -Werror=address -Werror=sequence-point -Wformat -Werror=format-security -Wmissing-declarations -Wmissing-prototypes -Wstrict-prototypes -Wundef -Winit-self -Wpointer-arith -Wshadow -Wsign-promo -Wuninitialized -Winit-self -Wno-delete-non-virtual-dtor -Wno-unnamed-type-template-args -Wno-comment -Wno-deprecated-enum-enum-conversion -Wno-deprecated-anon-enum-enum-conversion -fdiagnostics-show-option -Qunused-arguments -Wno-semicolon-before-method-body -ffunction-sections -fdata-sections    -fvisibility=hidden -fvisibility-inlines-hidden -DCHECK_FUNCTION_EXISTS=strrchr -O3 -DNDEBUG  -DNDEBUG -arch arm64 -isysroot /Applications/Xcode.app/Contents/Developer/Platforms/MacOSX.platform/Developer/SDKs/MacOSX12.3.sdk -fPIE -MD -MT CMakeFiles/cmTC_914e4.dir/CheckFunctionExists.c.o -MF CMakeFiles/cmTC_914e4.dir/CheckFunctionExists.c.o.d -o CMakeFiles/cmTC_914e4.dir/CheckFunctionExists.c.o -c /Users/clementtongpersonal/Desktop/Programming/2022/SafelySail-AI/cv2/opencv-4.5.0/build/CMakeFiles/CMakeScratch/TryCompile-0vylMG/CheckFunctionExists.c
/Users/clementtongpersonal/Desktop/Programming/2022/SafelySail-AI/cv2/opencv-4.5.0/build/CMakeFiles/CMakeScratch/TryCompile-0vylMG/CheckFunctionExists.c:7:3: warning: incompatible redeclaration of library function 'strrchr' [-Wincompatible-library-redeclaration]
  CHECK_FUNCTION_EXISTS(void);
  ^
<command line>:1:31: note: expanded from here
#define CHECK_FUNCTION_EXISTS strrchr
                              ^
/Users/clementtongpersonal/Desktop/Programming/2022/SafelySail-AI/cv2/opencv-4.5.0/build/CMakeFiles/CMakeScratch/TryCompile-0vylMG/CheckFunctionExists.c:7:3: note: 'strrchr' is a builtin with type 'char *(const char *, int)'
<command line>:1:31: note: expanded from here
#define CHECK_FUNCTION_EXISTS strrchr
                              ^
1 warning generated.
Linking C executable cmTC_914e4
/opt/homebrew/Cellar/cmake/3.25.1/bin/cmake -E cmake_link_script CMakeFiles/cmTC_914e4.dir/link.txt --verbose=1
/Applications/Xcode.app/Contents/Developer/Toolchains/XcodeDefault.xctoolchain/usr/bin/cc    -fsigned-char -W -Wall -Werror=return-type -Werror=non-virtual-dtor -Werror=address -Werror=sequence-point -Wformat -Werror=format-security -Wmissing-declarations -Wmissing-prototypes -Wstrict-prototypes -Wundef -Winit-self -Wpointer-arith -Wshadow -Wsign-promo -Wuninitialized -Winit-self -Wno-delete-non-virtual-dtor -Wno-unnamed-type-template-args -Wno-comment -Wno-deprecated-enum-enum-conversion -Wno-deprecated-anon-enum-enum-conversion -fdiagnostics-show-option -Qunused-arguments -Wno-semicolon-before-method-body -ffunction-sections -fdata-sections    -fvisibility=hidden -fvisibility-inlines-hidden -DCHECK_FUNCTION_EXISTS=strrchr -O3 -DNDEBUG  -DNDEBUG -arch arm64 -isysroot /Applications/Xcode.app/Contents/Developer/Platforms/MacOSX.platform/Developer/SDKs/MacOSX12.3.sdk -Wl,-search_paths_first -Wl,-headerpad_max_install_names   -Wl,-dead_strip  CMakeFiles/cmTC_914e4.dir/CheckFunctionExists.c.o -o cmTC_914e4 



Determining if the function strstr exists passed with the following output:
Change Dir: /Users/clementtongpersonal/Desktop/Programming/2022/SafelySail-AI/cv2/opencv-4.5.0/build/CMakeFiles/CMakeScratch/TryCompile-BiVqBo

Run Build Command(s):/usr/bin/make -f Makefile cmTC_25c78/fast && /Applications/Xcode.app/Contents/Developer/usr/bin/make  -f CMakeFiles/cmTC_25c78.dir/build.make CMakeFiles/cmTC_25c78.dir/build
Building C object CMakeFiles/cmTC_25c78.dir/CheckFunctionExists.c.o
/Applications/Xcode.app/Contents/Developer/Toolchains/XcodeDefault.xctoolchain/usr/bin/cc   -fsigned-char -W -Wall -Werror=return-type -Werror=non-virtual-dtor -Werror=address -Werror=sequence-point -Wformat -Werror=format-security -Wmissing-declarations -Wmissing-prototypes -Wstrict-prototypes -Wundef -Winit-self -Wpointer-arith -Wshadow -Wsign-promo -Wuninitialized -Winit-self -Wno-delete-non-virtual-dtor -Wno-unnamed-type-template-args -Wno-comment -Wno-deprecated-enum-enum-conversion -Wno-deprecated-anon-enum-enum-conversion -fdiagnostics-show-option -Qunused-arguments -Wno-semicolon-before-method-body -ffunction-sections -fdata-sections    -fvisibility=hidden -fvisibility-inlines-hidden -DCHECK_FUNCTION_EXISTS=strstr -O3 -DNDEBUG  -DNDEBUG -arch arm64 -isysroot /Applications/Xcode.app/Contents/Developer/Platforms/MacOSX.platform/Developer/SDKs/MacOSX12.3.sdk -fPIE -MD -MT CMakeFiles/cmTC_25c78.dir/CheckFunctionExists.c.o -MF CMakeFiles/cmTC_25c78.dir/CheckFunctionExists.c.o.d -o CMakeFiles/cmTC_25c78.dir/CheckFunctionExists.c.o -c /Users/clementtongpersonal/Desktop/Programming/2022/SafelySail-AI/cv2/opencv-4.5.0/build/CMakeFiles/CMakeScratch/TryCompile-BiVqBo/CheckFunctionExists.c
/Users/clementtongpersonal/Desktop/Programming/2022/SafelySail-AI/cv2/opencv-4.5.0/build/CMakeFiles/CMakeScratch/TryCompile-BiVqBo/CheckFunctionExists.c:7:3: warning: incompatible redeclaration of library function 'strstr' [-Wincompatible-library-redeclaration]
  CHECK_FUNCTION_EXISTS(void);
  ^
<command line>:1:31: note: expanded from here
#define CHECK_FUNCTION_EXISTS strstr
                              ^
/Users/clementtongpersonal/Desktop/Programming/2022/SafelySail-AI/cv2/opencv-4.5.0/build/CMakeFiles/CMakeScratch/TryCompile-BiVqBo/CheckFunctionExists.c:7:3: note: 'strstr' is a builtin with type 'char *(const char *, const char *)'
<command line>:1:31: note: expanded from here
#define CHECK_FUNCTION_EXISTS strstr
                              ^
1 warning generated.
Linking C executable cmTC_25c78
/opt/homebrew/Cellar/cmake/3.25.1/bin/cmake -E cmake_link_script CMakeFiles/cmTC_25c78.dir/link.txt --verbose=1
/Applications/Xcode.app/Contents/Developer/Toolchains/XcodeDefault.xctoolchain/usr/bin/cc    -fsigned-char -W -Wall -Werror=return-type -Werror=non-virtual-dtor -Werror=address -Werror=sequence-point -Wformat -Werror=format-security -Wmissing-declarations -Wmissing-prototypes -Wstrict-prototypes -Wundef -Winit-self -Wpointer-arith -Wshadow -Wsign-promo -Wuninitialized -Winit-self -Wno-delete-non-virtual-dtor -Wno-unnamed-type-template-args -Wno-comment -Wno-deprecated-enum-enum-conversion -Wno-deprecated-anon-enum-enum-conversion -fdiagnostics-show-option -Qunused-arguments -Wno-semicolon-before-method-body -ffunction-sections -fdata-sections    -fvisibility=hidden -fvisibility-inlines-hidden -DCHECK_FUNCTION_EXISTS=strstr -O3 -DNDEBUG  -DNDEBUG -arch arm64 -isysroot /Applications/Xcode.app/Contents/Developer/Platforms/MacOSX.platform/Developer/SDKs/MacOSX12.3.sdk -Wl,-search_paths_first -Wl,-headerpad_max_install_names   -Wl,-dead_strip  CMakeFiles/cmTC_25c78.dir/CheckFunctionExists.c.o -o cmTC_25c78 



Determining if the function strtol exists passed with the following output:
Change Dir: /Users/clementtongpersonal/Desktop/Programming/2022/SafelySail-AI/cv2/opencv-4.5.0/build/CMakeFiles/CMakeScratch/TryCompile-jjhusf

Run Build Command(s):/usr/bin/make -f Makefile cmTC_8f1dd/fast && /Applications/Xcode.app/Contents/Developer/usr/bin/make  -f CMakeFiles/cmTC_8f1dd.dir/build.make CMakeFiles/cmTC_8f1dd.dir/build
Building C object CMakeFiles/cmTC_8f1dd.dir/CheckFunctionExists.c.o
/Applications/Xcode.app/Contents/Developer/Toolchains/XcodeDefault.xctoolchain/usr/bin/cc   -fsigned-char -W -Wall -Werror=return-type -Werror=non-virtual-dtor -Werror=address -Werror=sequence-point -Wformat -Werror=format-security -Wmissing-declarations -Wmissing-prototypes -Wstrict-prototypes -Wundef -Winit-self -Wpointer-arith -Wshadow -Wsign-promo -Wuninitialized -Winit-self -Wno-delete-non-virtual-dtor -Wno-unnamed-type-template-args -Wno-comment -Wno-deprecated-enum-enum-conversion -Wno-deprecated-anon-enum-enum-conversion -fdiagnostics-show-option -Qunused-arguments -Wno-semicolon-before-method-body -ffunction-sections -fdata-sections    -fvisibility=hidden -fvisibility-inlines-hidden -DCHECK_FUNCTION_EXISTS=strtol -O3 -DNDEBUG  -DNDEBUG -arch arm64 -isysroot /Applications/Xcode.app/Contents/Developer/Platforms/MacOSX.platform/Developer/SDKs/MacOSX12.3.sdk -fPIE -MD -MT CMakeFiles/cmTC_8f1dd.dir/CheckFunctionExists.c.o -MF CMakeFiles/cmTC_8f1dd.dir/CheckFunctionExists.c.o.d -o CMakeFiles/cmTC_8f1dd.dir/CheckFunctionExists.c.o -c /Users/clementtongpersonal/Desktop/Programming/2022/SafelySail-AI/cv2/opencv-4.5.0/build/CMakeFiles/CMakeScratch/TryCompile-jjhusf/CheckFunctionExists.c
/Users/clementtongpersonal/Desktop/Programming/2022/SafelySail-AI/cv2/opencv-4.5.0/build/CMakeFiles/CMakeScratch/TryCompile-jjhusf/CheckFunctionExists.c:7:3: warning: incompatible redeclaration of library function 'strtol' [-Wincompatible-library-redeclaration]
  CHECK_FUNCTION_EXISTS(void);
  ^
<command line>:1:31: note: expanded from here
#define CHECK_FUNCTION_EXISTS strtol
                              ^
/Users/clementtongpersonal/Desktop/Programming/2022/SafelySail-AI/cv2/opencv-4.5.0/build/CMakeFiles/CMakeScratch/TryCompile-jjhusf/CheckFunctionExists.c:7:3: note: 'strtol' is a builtin with type 'long (const char *, char **, int)'
<command line>:1:31: note: expanded from here
#define CHECK_FUNCTION_EXISTS strtol
                              ^
1 warning generated.
Linking C executable cmTC_8f1dd
/opt/homebrew/Cellar/cmake/3.25.1/bin/cmake -E cmake_link_script CMakeFiles/cmTC_8f1dd.dir/link.txt --verbose=1
/Applications/Xcode.app/Contents/Developer/Toolchains/XcodeDefault.xctoolchain/usr/bin/cc    -fsigned-char -W -Wall -Werror=return-type -Werror=non-virtual-dtor -Werror=address -Werror=sequence-point -Wformat -Werror=format-security -Wmissing-declarations -Wmissing-prototypes -Wstrict-prototypes -Wundef -Winit-self -Wpointer-arith -Wshadow -Wsign-promo -Wuninitialized -Winit-self -Wno-delete-non-virtual-dtor -Wno-unnamed-type-template-args -Wno-comment -Wno-deprecated-enum-enum-conversion -Wno-deprecated-anon-enum-enum-conversion -fdiagnostics-show-option -Qunused-arguments -Wno-semicolon-before-method-body -ffunction-sections -fdata-sections    -fvisibility=hidden -fvisibility-inlines-hidden -DCHECK_FUNCTION_EXISTS=strtol -O3 -DNDEBUG  -DNDEBUG -arch arm64 -isysroot /Applications/Xcode.app/Contents/Developer/Platforms/MacOSX.platform/Developer/SDKs/MacOSX12.3.sdk -Wl,-search_paths_first -Wl,-headerpad_max_install_names   -Wl,-dead_strip  CMakeFiles/cmTC_8f1dd.dir/CheckFunctionExists.c.o -o cmTC_8f1dd 



Determining if the function strtol exists passed with the following output:
Change Dir: /Users/clementtongpersonal/Desktop/Programming/2022/SafelySail-AI/cv2/opencv-4.5.0/build/CMakeFiles/CMakeScratch/TryCompile-BV6Dyx

Run Build Command(s):/usr/bin/make -f Makefile cmTC_e3e6f/fast && /Applications/Xcode.app/Contents/Developer/usr/bin/make  -f CMakeFiles/cmTC_e3e6f.dir/build.make CMakeFiles/cmTC_e3e6f.dir/build
Building C object CMakeFiles/cmTC_e3e6f.dir/CheckFunctionExists.c.o
/Applications/Xcode.app/Contents/Developer/Toolchains/XcodeDefault.xctoolchain/usr/bin/cc   -fsigned-char -W -Wall -Werror=return-type -Werror=non-virtual-dtor -Werror=address -Werror=sequence-point -Wformat -Werror=format-security -Wmissing-declarations -Wmissing-prototypes -Wstrict-prototypes -Wundef -Winit-self -Wpointer-arith -Wshadow -Wsign-promo -Wuninitialized -Winit-self -Wno-delete-non-virtual-dtor -Wno-unnamed-type-template-args -Wno-comment -Wno-deprecated-enum-enum-conversion -Wno-deprecated-anon-enum-enum-conversion -fdiagnostics-show-option -Qunused-arguments -Wno-semicolon-before-method-body -ffunction-sections -fdata-sections    -fvisibility=hidden -fvisibility-inlines-hidden -DCHECK_FUNCTION_EXISTS=strtol -O3 -DNDEBUG  -DNDEBUG -arch arm64 -isysroot /Applications/Xcode.app/Contents/Developer/Platforms/MacOSX.platform/Developer/SDKs/MacOSX12.3.sdk -fPIE -MD -MT CMakeFiles/cmTC_e3e6f.dir/CheckFunctionExists.c.o -MF CMakeFiles/cmTC_e3e6f.dir/CheckFunctionExists.c.o.d -o CMakeFiles/cmTC_e3e6f.dir/CheckFunctionExists.c.o -c /Users/clementtongpersonal/Desktop/Programming/2022/SafelySail-AI/cv2/opencv-4.5.0/build/CMakeFiles/CMakeScratch/TryCompile-BV6Dyx/CheckFunctionExists.c
/Users/clementtongpersonal/Desktop/Programming/2022/SafelySail-AI/cv2/opencv-4.5.0/build/CMakeFiles/CMakeScratch/TryCompile-BV6Dyx/CheckFunctionExists.c:7:3: warning: incompatible redeclaration of library function 'strtol' [-Wincompatible-library-redeclaration]
  CHECK_FUNCTION_EXISTS(void);
  ^
<command line>:1:31: note: expanded from here
#define CHECK_FUNCTION_EXISTS strtol
                              ^
/Users/clementtongpersonal/Desktop/Programming/2022/SafelySail-AI/cv2/opencv-4.5.0/build/CMakeFiles/CMakeScratch/TryCompile-BV6Dyx/CheckFunctionExists.c:7:3: note: 'strtol' is a builtin with type 'long (const char *, char **, int)'
<command line>:1:31: note: expanded from here
#define CHECK_FUNCTION_EXISTS strtol
                              ^
1 warning generated.
Linking C executable cmTC_e3e6f
/opt/homebrew/Cellar/cmake/3.25.1/bin/cmake -E cmake_link_script CMakeFiles/cmTC_e3e6f.dir/link.txt --verbose=1
/Applications/Xcode.app/Contents/Developer/Toolchains/XcodeDefault.xctoolchain/usr/bin/cc    -fsigned-char -W -Wall -Werror=return-type -Werror=non-virtual-dtor -Werror=address -Werror=sequence-point -Wformat -Werror=format-security -Wmissing-declarations -Wmissing-prototypes -Wstrict-prototypes -Wundef -Winit-self -Wpointer-arith -Wshadow -Wsign-promo -Wuninitialized -Winit-self -Wno-delete-non-virtual-dtor -Wno-unnamed-type-template-args -Wno-comment -Wno-deprecated-enum-enum-conversion -Wno-deprecated-anon-enum-enum-conversion -fdiagnostics-show-option -Qunused-arguments -Wno-semicolon-before-method-body -ffunction-sections -fdata-sections    -fvisibility=hidden -fvisibility-inlines-hidden -DCHECK_FUNCTION_EXISTS=strtol -O3 -DNDEBUG  -DNDEBUG -arch arm64 -isysroot /Applications/Xcode.app/Contents/Developer/Platforms/MacOSX.platform/Developer/SDKs/MacOSX12.3.sdk -Wl,-search_paths_first -Wl,-headerpad_max_install_names   -Wl,-dead_strip  CMakeFiles/cmTC_e3e6f.dir/CheckFunctionExists.c.o -o cmTC_e3e6f 



Determining if the function strtoull exists passed with the following output:
Change Dir: /Users/clementtongpersonal/Desktop/Programming/2022/SafelySail-AI/cv2/opencv-4.5.0/build/CMakeFiles/CMakeScratch/TryCompile-Zael3D

Run Build Command(s):/usr/bin/make -f Makefile cmTC_0f317/fast && /Applications/Xcode.app/Contents/Developer/usr/bin/make  -f CMakeFiles/cmTC_0f317.dir/build.make CMakeFiles/cmTC_0f317.dir/build
Building C object CMakeFiles/cmTC_0f317.dir/CheckFunctionExists.c.o
/Applications/Xcode.app/Contents/Developer/Toolchains/XcodeDefault.xctoolchain/usr/bin/cc   -fsigned-char -W -Wall -Werror=return-type -Werror=non-virtual-dtor -Werror=address -Werror=sequence-point -Wformat -Werror=format-security -Wmissing-declarations -Wmissing-prototypes -Wstrict-prototypes -Wundef -Winit-self -Wpointer-arith -Wshadow -Wsign-promo -Wuninitialized -Winit-self -Wno-delete-non-virtual-dtor -Wno-unnamed-type-template-args -Wno-comment -Wno-deprecated-enum-enum-conversion -Wno-deprecated-anon-enum-enum-conversion -fdiagnostics-show-option -Qunused-arguments -Wno-semicolon-before-method-body -ffunction-sections -fdata-sections    -fvisibility=hidden -fvisibility-inlines-hidden -DCHECK_FUNCTION_EXISTS=strtoull -O3 -DNDEBUG  -DNDEBUG -arch arm64 -isysroot /Applications/Xcode.app/Contents/Developer/Platforms/MacOSX.platform/Developer/SDKs/MacOSX12.3.sdk -fPIE -MD -MT CMakeFiles/cmTC_0f317.dir/CheckFunctionExists.c.o -MF CMakeFiles/cmTC_0f317.dir/CheckFunctionExists.c.o.d -o CMakeFiles/cmTC_0f317.dir/CheckFunctionExists.c.o -c /Users/clementtongpersonal/Desktop/Programming/2022/SafelySail-AI/cv2/opencv-4.5.0/build/CMakeFiles/CMakeScratch/TryCompile-Zael3D/CheckFunctionExists.c
/Users/clementtongpersonal/Desktop/Programming/2022/SafelySail-AI/cv2/opencv-4.5.0/build/CMakeFiles/CMakeScratch/TryCompile-Zael3D/CheckFunctionExists.c:7:3: warning: incompatible redeclaration of library function 'strtoull' [-Wincompatible-library-redeclaration]
  CHECK_FUNCTION_EXISTS(void);
  ^
<command line>:1:31: note: expanded from here
#define CHECK_FUNCTION_EXISTS strtoull
                              ^
/Users/clementtongpersonal/Desktop/Programming/2022/SafelySail-AI/cv2/opencv-4.5.0/build/CMakeFiles/CMakeScratch/TryCompile-Zael3D/CheckFunctionExists.c:7:3: note: 'strtoull' is a builtin with type 'unsigned long long (const char *, char **, int)'
<command line>:1:31: note: expanded from here
#define CHECK_FUNCTION_EXISTS strtoull
                              ^
1 warning generated.
Linking C executable cmTC_0f317
/opt/homebrew/Cellar/cmake/3.25.1/bin/cmake -E cmake_link_script CMakeFiles/cmTC_0f317.dir/link.txt --verbose=1
/Applications/Xcode.app/Contents/Developer/Toolchains/XcodeDefault.xctoolchain/usr/bin/cc    -fsigned-char -W -Wall -Werror=return-type -Werror=non-virtual-dtor -Werror=address -Werror=sequence-point -Wformat -Werror=format-security -Wmissing-declarations -Wmissing-prototypes -Wstrict-prototypes -Wundef -Winit-self -Wpointer-arith -Wshadow -Wsign-promo -Wuninitialized -Winit-self -Wno-delete-non-virtual-dtor -Wno-unnamed-type-template-args -Wno-comment -Wno-deprecated-enum-enum-conversion -Wno-deprecated-anon-enum-enum-conversion -fdiagnostics-show-option -Qunused-arguments -Wno-semicolon-before-method-body -ffunction-sections -fdata-sections    -fvisibility=hidden -fvisibility-inlines-hidden -DCHECK_FUNCTION_EXISTS=strtoull -O3 -DNDEBUG  -DNDEBUG -arch arm64 -isysroot /Applications/Xcode.app/Contents/Developer/Platforms/MacOSX.platform/Developer/SDKs/MacOSX12.3.sdk -Wl,-search_paths_first -Wl,-headerpad_max_install_names   -Wl,-dead_strip  CMakeFiles/cmTC_0f317.dir/CheckFunctionExists.c.o -o cmTC_0f317 



Determining if the function lfind exists passed with the following output:
Change Dir: /Users/clementtongpersonal/Desktop/Programming/2022/SafelySail-AI/cv2/opencv-4.5.0/build/CMakeFiles/CMakeScratch/TryCompile-2GL90a

Run Build Command(s):/usr/bin/make -f Makefile cmTC_a535c/fast && /Applications/Xcode.app/Contents/Developer/usr/bin/make  -f CMakeFiles/cmTC_a535c.dir/build.make CMakeFiles/cmTC_a535c.dir/build
Building C object CMakeFiles/cmTC_a535c.dir/CheckFunctionExists.c.o
/Applications/Xcode.app/Contents/Developer/Toolchains/XcodeDefault.xctoolchain/usr/bin/cc   -fsigned-char -W -Wall -Werror=return-type -Werror=non-virtual-dtor -Werror=address -Werror=sequence-point -Wformat -Werror=format-security -Wmissing-declarations -Wmissing-prototypes -Wstrict-prototypes -Wundef -Winit-self -Wpointer-arith -Wshadow -Wsign-promo -Wuninitialized -Winit-self -Wno-delete-non-virtual-dtor -Wno-unnamed-type-template-args -Wno-comment -Wno-deprecated-enum-enum-conversion -Wno-deprecated-anon-enum-enum-conversion -fdiagnostics-show-option -Qunused-arguments -Wno-semicolon-before-method-body -ffunction-sections -fdata-sections    -fvisibility=hidden -fvisibility-inlines-hidden -DCHECK_FUNCTION_EXISTS=lfind -O3 -DNDEBUG  -DNDEBUG -arch arm64 -isysroot /Applications/Xcode.app/Contents/Developer/Platforms/MacOSX.platform/Developer/SDKs/MacOSX12.3.sdk -fPIE -MD -MT CMakeFiles/cmTC_a535c.dir/CheckFunctionExists.c.o -MF CMakeFiles/cmTC_a535c.dir/CheckFunctionExists.c.o.d -o CMakeFiles/cmTC_a535c.dir/CheckFunctionExists.c.o -c /Users/clementtongpersonal/Desktop/Programming/2022/SafelySail-AI/cv2/opencv-4.5.0/build/CMakeFiles/CMakeScratch/TryCompile-2GL90a/CheckFunctionExists.c
Linking C executable cmTC_a535c
/opt/homebrew/Cellar/cmake/3.25.1/bin/cmake -E cmake_link_script CMakeFiles/cmTC_a535c.dir/link.txt --verbose=1
/Applications/Xcode.app/Contents/Developer/Toolchains/XcodeDefault.xctoolchain/usr/bin/cc    -fsigned-char -W -Wall -Werror=return-type -Werror=non-virtual-dtor -Werror=address -Werror=sequence-point -Wformat -Werror=format-security -Wmissing-declarations -Wmissing-prototypes -Wstrict-prototypes -Wundef -Winit-self -Wpointer-arith -Wshadow -Wsign-promo -Wuninitialized -Winit-self -Wno-delete-non-virtual-dtor -Wno-unnamed-type-template-args -Wno-comment -Wno-deprecated-enum-enum-conversion -Wno-deprecated-anon-enum-enum-conversion -fdiagnostics-show-option -Qunused-arguments -Wno-semicolon-before-method-body -ffunction-sections -fdata-sections    -fvisibility=hidden -fvisibility-inlines-hidden -DCHECK_FUNCTION_EXISTS=lfind -O3 -DNDEBUG  -DNDEBUG -arch arm64 -isysroot /Applications/Xcode.app/Contents/Developer/Platforms/MacOSX.platform/Developer/SDKs/MacOSX12.3.sdk -Wl,-search_paths_first -Wl,-headerpad_max_install_names   -Wl,-dead_strip  CMakeFiles/cmTC_a535c.dir/CheckFunctionExists.c.o -o cmTC_a535c 



Performing C SOURCE FILE Test HAVE_SNPRINTF succeeded with the following output:
Change Dir: /Users/clementtongpersonal/Desktop/Programming/2022/SafelySail-AI/cv2/opencv-4.5.0/build/CMakeFiles/CMakeScratch/TryCompile-nUtgVm

Run Build Command(s):/usr/bin/make -f Makefile cmTC_99c09/fast && /Applications/Xcode.app/Contents/Developer/usr/bin/make  -f CMakeFiles/cmTC_99c09.dir/build.make CMakeFiles/cmTC_99c09.dir/build
Building C object CMakeFiles/cmTC_99c09.dir/src.c.o
/Applications/Xcode.app/Contents/Developer/Toolchains/XcodeDefault.xctoolchain/usr/bin/cc -DHAVE_SNPRINTF  -fsigned-char -W -Wall -Werror=return-type -Werror=non-virtual-dtor -Werror=address -Werror=sequence-point -Wformat -Werror=format-security -Wmissing-declarations -Wmissing-prototypes -Wstrict-prototypes -Wundef -Winit-self -Wpointer-arith -Wshadow -Wsign-promo -Wuninitialized -Winit-self -Wno-delete-non-virtual-dtor -Wno-unnamed-type-template-args -Wno-comment -Wno-deprecated-enum-enum-conversion -Wno-deprecated-anon-enum-enum-conversion -fdiagnostics-show-option -Qunused-arguments -Wno-semicolon-before-method-body -ffunction-sections -fdata-sections    -fvisibility=hidden -fvisibility-inlines-hidden  -O3 -DNDEBUG  -DNDEBUG -arch arm64 -isysroot /Applications/Xcode.app/Contents/Developer/Platforms/MacOSX.platform/Developer/SDKs/MacOSX12.3.sdk -fPIE -MD -MT CMakeFiles/cmTC_99c09.dir/src.c.o -MF CMakeFiles/cmTC_99c09.dir/src.c.o.d -o CMakeFiles/cmTC_99c09.dir/src.c.o -c /Users/clementtongpersonal/Desktop/Programming/2022/SafelySail-AI/cv2/opencv-4.5.0/build/CMakeFiles/CMakeScratch/TryCompile-nUtgVm/src.c
Linking C executable cmTC_99c09
/opt/homebrew/Cellar/cmake/3.25.1/bin/cmake -E cmake_link_script CMakeFiles/cmTC_99c09.dir/link.txt --verbose=1
/Applications/Xcode.app/Contents/Developer/Toolchains/XcodeDefault.xctoolchain/usr/bin/cc    -fsigned-char -W -Wall -Werror=return-type -Werror=non-virtual-dtor -Werror=address -Werror=sequence-point -Wformat -Werror=format-security -Wmissing-declarations -Wmissing-prototypes -Wstrict-prototypes -Wundef -Winit-self -Wpointer-arith -Wshadow -Wsign-promo -Wuninitialized -Winit-self -Wno-delete-non-virtual-dtor -Wno-unnamed-type-template-args -Wno-comment -Wno-deprecated-enum-enum-conversion -Wno-deprecated-anon-enum-enum-conversion -fdiagnostics-show-option -Qunused-arguments -Wno-semicolon-before-method-body -ffunction-sections -fdata-sections    -fvisibility=hidden -fvisibility-inlines-hidden  -O3 -DNDEBUG  -DNDEBUG -arch arm64 -isysroot /Applications/Xcode.app/Contents/Developer/Platforms/MacOSX.platform/Developer/SDKs/MacOSX12.3.sdk -Wl,-search_paths_first -Wl,-headerpad_max_install_names   -Wl,-dead_strip  CMakeFiles/cmTC_99c09.dir/src.c.o -o cmTC_99c09 


Source file was:

#include <stdio.h>
int main(void) {
  char buf[10];
  snprintf(buf, 10, "Test %d", 1);
  return 0;
}

Checking whether the ASM compiler is Clang using "--version" matched "(clang version)":
Apple clang version 14.0.0 (clang-1400.0.29.102)
Target: arm64-apple-darwin22.3.0
Thread model: posix
InstalledDir: /Applications/Xcode.app/Contents/Developer/Toolchains/XcodeDefault.xctoolchain/usr/bin
Performing C SOURCE FILE Test CMAKE_HAVE_LIBC_PTHREAD succeeded with the following output:
Change Dir: /Users/clementtongpersonal/Desktop/Programming/2022/SafelySail-AI/cv2/opencv-4.5.0/build/CMakeFiles/CMakeScratch/TryCompile-iqKlAZ

Run Build Command(s):/usr/bin/make -f Makefile cmTC_cc0ab/fast && /Applications/Xcode.app/Contents/Developer/usr/bin/make  -f CMakeFiles/cmTC_cc0ab.dir/build.make CMakeFiles/cmTC_cc0ab.dir/build
Building C object CMakeFiles/cmTC_cc0ab.dir/src.c.o
/Applications/Xcode.app/Contents/Developer/Toolchains/XcodeDefault.xctoolchain/usr/bin/cc -DCMAKE_HAVE_LIBC_PTHREAD  -fsigned-char -W -Wall -Werror=return-type -Werror=non-virtual-dtor -Werror=address -Werror=sequence-point -Wformat -Werror=format-security -Wmissing-declarations -Wmissing-prototypes -Wstrict-prototypes -Wundef -Winit-self -Wpointer-arith -Wshadow -Wsign-promo -Wuninitialized -Winit-self -Wno-delete-non-virtual-dtor -Wno-unnamed-type-template-args -Wno-comment -Wno-deprecated-enum-enum-conversion -Wno-deprecated-anon-enum-enum-conversion -fdiagnostics-show-option -Qunused-arguments -Wno-semicolon-before-method-body -ffunction-sections -fdata-sections    -fvisibility=hidden -fvisibility-inlines-hidden  -O3 -DNDEBUG  -DNDEBUG -arch arm64 -isysroot /Applications/Xcode.app/Contents/Developer/Platforms/MacOSX.platform/Developer/SDKs/MacOSX12.3.sdk -fPIE -MD -MT CMakeFiles/cmTC_cc0ab.dir/src.c.o -MF CMakeFiles/cmTC_cc0ab.dir/src.c.o.d -o CMakeFiles/cmTC_cc0ab.dir/src.c.o -c /Users/clementtongpersonal/Desktop/Programming/2022/SafelySail-AI/cv2/opencv-4.5.0/build/CMakeFiles/CMakeScratch/TryCompile-iqKlAZ/src.c
Linking C executable cmTC_cc0ab
/opt/homebrew/Cellar/cmake/3.25.1/bin/cmake -E cmake_link_script CMakeFiles/cmTC_cc0ab.dir/link.txt --verbose=1
/Applications/Xcode.app/Contents/Developer/Toolchains/XcodeDefault.xctoolchain/usr/bin/cc    -fsigned-char -W -Wall -Werror=return-type -Werror=non-virtual-dtor -Werror=address -Werror=sequence-point -Wformat -Werror=format-security -Wmissing-declarations -Wmissing-prototypes -Wstrict-prototypes -Wundef -Winit-self -Wpointer-arith -Wshadow -Wsign-promo -Wuninitialized -Winit-self -Wno-delete-non-virtual-dtor -Wno-unnamed-type-template-args -Wno-comment -Wno-deprecated-enum-enum-conversion -Wno-deprecated-anon-enum-enum-conversion -fdiagnostics-show-option -Qunused-arguments -Wno-semicolon-before-method-body -ffunction-sections -fdata-sections    -fvisibility=hidden -fvisibility-inlines-hidden  -O3 -DNDEBUG  -DNDEBUG -arch arm64 -isysroot /Applications/Xcode.app/Contents/Developer/Platforms/MacOSX.platform/Developer/SDKs/MacOSX12.3.sdk -Wl,-search_paths_first -Wl,-headerpad_max_install_names   -Wl,-dead_strip  CMakeFiles/cmTC_cc0ab.dir/src.c.o -o cmTC_cc0ab 


Source file was:
#include <pthread.h>

static void* test_func(void* data)
{
  return data;
}

int main(void)
{
  pthread_t thread;
  pthread_create(&thread, NULL, test_func, NULL);
  pthread_detach(thread);
  pthread_cancel(thread);
  pthread_join(thread, NULL);
  pthread_atfork(NULL, NULL, NULL);
  pthread_exit(NULL);

  return 0;
}


Determining if the function dgemm_ exists passed with the following output:
Change Dir: /Users/clementtongpersonal/Desktop/Programming/2022/SafelySail-AI/cv2/opencv-4.5.0/build/CMakeFiles/CMakeScratch/TryCompile-DmL1R3

Run Build Command(s):/usr/bin/make -f Makefile cmTC_793a6/fast && /Applications/Xcode.app/Contents/Developer/usr/bin/make  -f CMakeFiles/cmTC_793a6.dir/build.make CMakeFiles/cmTC_793a6.dir/build
Building C object CMakeFiles/cmTC_793a6.dir/CheckFunctionExists.c.o
/Applications/Xcode.app/Contents/Developer/Toolchains/XcodeDefault.xctoolchain/usr/bin/cc   -fsigned-char -W -Wall -Werror=return-type -Werror=non-virtual-dtor -Werror=address -Werror=sequence-point -Wformat -Werror=format-security -Wmissing-declarations -Wmissing-prototypes -Wstrict-prototypes -Wundef -Winit-self -Wpointer-arith -Wshadow -Wsign-promo -Wuninitialized -Winit-self -Wno-delete-non-virtual-dtor -Wno-unnamed-type-template-args -Wno-comment -Wno-deprecated-enum-enum-conversion -Wno-deprecated-anon-enum-enum-conversion -fdiagnostics-show-option -Qunused-arguments -Wno-semicolon-before-method-body -ffunction-sections -fdata-sections    -fvisibility=hidden -fvisibility-inlines-hidden -DCHECK_FUNCTION_EXISTS=dgemm_ -O3 -DNDEBUG  -DNDEBUG -arch arm64 -isysroot /Applications/Xcode.app/Contents/Developer/Platforms/MacOSX.platform/Developer/SDKs/MacOSX12.3.sdk -fPIE -MD -MT CMakeFiles/cmTC_793a6.dir/CheckFunctionExists.c.o -MF CMakeFiles/cmTC_793a6.dir/CheckFunctionExists.c.o.d -o CMakeFiles/cmTC_793a6.dir/CheckFunctionExists.c.o -c /Users/clementtongpersonal/Desktop/Programming/2022/SafelySail-AI/cv2/opencv-4.5.0/build/CMakeFiles/CMakeScratch/TryCompile-DmL1R3/CheckFunctionExists.c
Linking C executable cmTC_793a6
/opt/homebrew/Cellar/cmake/3.25.1/bin/cmake -E cmake_link_script CMakeFiles/cmTC_793a6.dir/link.txt --verbose=1
/Applications/Xcode.app/Contents/Developer/Toolchains/XcodeDefault.xctoolchain/usr/bin/cc    -fsigned-char -W -Wall -Werror=return-type -Werror=non-virtual-dtor -Werror=address -Werror=sequence-point -Wformat -Werror=format-security -Wmissing-declarations -Wmissing-prototypes -Wstrict-prototypes -Wundef -Winit-self -Wpointer-arith -Wshadow -Wsign-promo -Wuninitialized -Winit-self -Wno-delete-non-virtual-dtor -Wno-unnamed-type-template-args -Wno-comment -Wno-deprecated-enum-enum-conversion -Wno-deprecated-anon-enum-enum-conversion -fdiagnostics-show-option -Qunused-arguments -Wno-semicolon-before-method-body -ffunction-sections -fdata-sections    -fvisibility=hidden -fvisibility-inlines-hidden -DCHECK_FUNCTION_EXISTS=dgemm_ -O3 -DNDEBUG  -DNDEBUG -arch arm64 -isysroot /Applications/Xcode.app/Contents/Developer/Platforms/MacOSX.platform/Developer/SDKs/MacOSX12.3.sdk -Wl,-search_paths_first -Wl,-headerpad_max_install_names   -Wl,-dead_strip  CMakeFiles/cmTC_793a6.dir/CheckFunctionExists.c.o -o cmTC_793a6  -Xlinker -framework -Xlinker Accelerate 



Determining if the function cheev_ exists passed with the following output:
Change Dir: /Users/clementtongpersonal/Desktop/Programming/2022/SafelySail-AI/cv2/opencv-4.5.0/build/CMakeFiles/CMakeScratch/TryCompile-GIlOZ8

Run Build Command(s):/usr/bin/make -f Makefile cmTC_37bf4/fast && /Applications/Xcode.app/Contents/Developer/usr/bin/make  -f CMakeFiles/cmTC_37bf4.dir/build.make CMakeFiles/cmTC_37bf4.dir/build
Building C object CMakeFiles/cmTC_37bf4.dir/CheckFunctionExists.c.o
/Applications/Xcode.app/Contents/Developer/Toolchains/XcodeDefault.xctoolchain/usr/bin/cc   -fsigned-char -W -Wall -Werror=return-type -Werror=non-virtual-dtor -Werror=address -Werror=sequence-point -Wformat -Werror=format-security -Wmissing-declarations -Wmissing-prototypes -Wstrict-prototypes -Wundef -Winit-self -Wpointer-arith -Wshadow -Wsign-promo -Wuninitialized -Winit-self -Wno-delete-non-virtual-dtor -Wno-unnamed-type-template-args -Wno-comment -Wno-deprecated-enum-enum-conversion -Wno-deprecated-anon-enum-enum-conversion -fdiagnostics-show-option -Qunused-arguments -Wno-semicolon-before-method-body -ffunction-sections -fdata-sections    -fvisibility=hidden -fvisibility-inlines-hidden -DCHECK_FUNCTION_EXISTS=cheev_ -O3 -DNDEBUG  -DNDEBUG -arch arm64 -isysroot /Applications/Xcode.app/Contents/Developer/Platforms/MacOSX.platform/Developer/SDKs/MacOSX12.3.sdk -fPIE -MD -MT CMakeFiles/cmTC_37bf4.dir/CheckFunctionExists.c.o -MF CMakeFiles/cmTC_37bf4.dir/CheckFunctionExists.c.o.d -o CMakeFiles/cmTC_37bf4.dir/CheckFunctionExists.c.o -c /Users/clementtongpersonal/Desktop/Programming/2022/SafelySail-AI/cv2/opencv-4.5.0/build/CMakeFiles/CMakeScratch/TryCompile-GIlOZ8/CheckFunctionExists.c
Linking C executable cmTC_37bf4
/opt/homebrew/Cellar/cmake/3.25.1/bin/cmake -E cmake_link_script CMakeFiles/cmTC_37bf4.dir/link.txt --verbose=1
/Applications/Xcode.app/Contents/Developer/Toolchains/XcodeDefault.xctoolchain/usr/bin/cc    -fsigned-char -W -Wall -Werror=return-type -Werror=non-virtual-dtor -Werror=address -Werror=sequence-point -Wformat -Werror=format-security -Wmissing-declarations -Wmissing-prototypes -Wstrict-prototypes -Wundef -Winit-self -Wpointer-arith -Wshadow -Wsign-promo -Wuninitialized -Winit-self -Wno-delete-non-virtual-dtor -Wno-unnamed-type-template-args -Wno-comment -Wno-deprecated-enum-enum-conversion -Wno-deprecated-anon-enum-enum-conversion -fdiagnostics-show-option -Qunused-arguments -Wno-semicolon-before-method-body -ffunction-sections -fdata-sections    -fvisibility=hidden -fvisibility-inlines-hidden -DCHECK_FUNCTION_EXISTS=cheev_ -O3 -DNDEBUG  -DNDEBUG -arch arm64 -isysroot /Applications/Xcode.app/Contents/Developer/Platforms/MacOSX.platform/Developer/SDKs/MacOSX12.3.sdk -Wl,-search_paths_first -Wl,-headerpad_max_install_names   -Wl,-dead_strip  CMakeFiles/cmTC_37bf4.dir/CheckFunctionExists.c.o -o cmTC_37bf4  -Xlinker -framework -Xlinker Accelerate -lm -ldl 



Determining if the include file Accelerate/Accelerate.h exists passed with the following output:
Change Dir: /Users/clementtongpersonal/Desktop/Programming/2022/SafelySail-AI/cv2/opencv-4.5.0/build/CMakeFiles/CMakeScratch/TryCompile-ew2bkx

Run Build Command(s):/usr/bin/make -f Makefile cmTC_b249a/fast && /Applications/Xcode.app/Contents/Developer/usr/bin/make  -f CMakeFiles/cmTC_b249a.dir/build.make CMakeFiles/cmTC_b249a.dir/build
Building C object CMakeFiles/cmTC_b249a.dir/CheckIncludeFile.c.o
/Applications/Xcode.app/Contents/Developer/Toolchains/XcodeDefault.xctoolchain/usr/bin/cc   -fsigned-char -W -Wall -Werror=return-type -Werror=non-virtual-dtor -Werror=address -Werror=sequence-point -Wformat -Werror=format-security -Wmissing-declarations -Wmissing-prototypes -Wstrict-prototypes -Wundef -Winit-self -Wpointer-arith -Wshadow -Wsign-promo -Wuninitialized -Winit-self -Wno-delete-non-virtual-dtor -Wno-unnamed-type-template-args -Wno-comment -Wno-deprecated-enum-enum-conversion -Wno-deprecated-anon-enum-enum-conversion -fdiagnostics-show-option -Qunused-arguments -Wno-semicolon-before-method-body -ffunction-sections -fdata-sections    -fvisibility=hidden -fvisibility-inlines-hidden  -O3 -DNDEBUG  -DNDEBUG -arch arm64 -isysroot /Applications/Xcode.app/Contents/Developer/Platforms/MacOSX.platform/Developer/SDKs/MacOSX12.3.sdk -fPIE -MD -MT CMakeFiles/cmTC_b249a.dir/CheckIncludeFile.c.o -MF CMakeFiles/cmTC_b249a.dir/CheckIncludeFile.c.o.d -o CMakeFiles/cmTC_b249a.dir/CheckIncludeFile.c.o -c /Users/clementtongpersonal/Desktop/Programming/2022/SafelySail-AI/cv2/opencv-4.5.0/build/CMakeFiles/CMakeScratch/TryCompile-ew2bkx/CheckIncludeFile.c
Linking C executable cmTC_b249a
/opt/homebrew/Cellar/cmake/3.25.1/bin/cmake -E cmake_link_script CMakeFiles/cmTC_b249a.dir/link.txt --verbose=1
/Applications/Xcode.app/Contents/Developer/Toolchains/XcodeDefault.xctoolchain/usr/bin/cc    -fsigned-char -W -Wall -Werror=return-type -Werror=non-virtual-dtor -Werror=address -Werror=sequence-point -Wformat -Werror=format-security -Wmissing-declarations -Wmissing-prototypes -Wstrict-prototypes -Wundef -Winit-self -Wpointer-arith -Wshadow -Wsign-promo -Wuninitialized -Winit-self -Wno-delete-non-virtual-dtor -Wno-unnamed-type-template-args -Wno-comment -Wno-deprecated-enum-enum-conversion -Wno-deprecated-anon-enum-enum-conversion -fdiagnostics-show-option -Qunused-arguments -Wno-semicolon-before-method-body -ffunction-sections -fdata-sections    -fvisibility=hidden -fvisibility-inlines-hidden  -O3 -DNDEBUG  -DNDEBUG -arch arm64 -isysroot /Applications/Xcode.app/Contents/Developer/Platforms/MacOSX.platform/Developer/SDKs/MacOSX12.3.sdk -Wl,-search_paths_first -Wl,-headerpad_max_install_names   -Wl,-dead_strip  CMakeFiles/cmTC_b249a.dir/CheckIncludeFile.c.o -o cmTC_b249a 



Determining if the include file Accelerate/Accelerate.h exists passed with the following output:
Change Dir: /Users/clementtongpersonal/Desktop/Programming/2022/SafelySail-AI/cv2/opencv-4.5.0/build/CMakeFiles/CMakeScratch/TryCompile-yO2GW0

Run Build Command(s):/usr/bin/make -f Makefile cmTC_56954/fast && /Applications/Xcode.app/Contents/Developer/usr/bin/make  -f CMakeFiles/cmTC_56954.dir/build.make CMakeFiles/cmTC_56954.dir/build
Building C object CMakeFiles/cmTC_56954.dir/CheckIncludeFile.c.o
/Applications/Xcode.app/Contents/Developer/Toolchains/XcodeDefault.xctoolchain/usr/bin/cc   -fsigned-char -W -Wall -Werror=return-type -Werror=non-virtual-dtor -Werror=address -Werror=sequence-point -Wformat -Werror=format-security -Wmissing-declarations -Wmissing-prototypes -Wstrict-prototypes -Wundef -Winit-self -Wpointer-arith -Wshadow -Wsign-promo -Wuninitialized -Winit-self -Wno-delete-non-virtual-dtor -Wno-unnamed-type-template-args -Wno-comment -Wno-deprecated-enum-enum-conversion -Wno-deprecated-anon-enum-enum-conversion -fdiagnostics-show-option -Qunused-arguments -Wno-semicolon-before-method-body -ffunction-sections -fdata-sections    -fvisibility=hidden -fvisibility-inlines-hidden  -O3 -DNDEBUG  -DNDEBUG -arch arm64 -isysroot /Applications/Xcode.app/Contents/Developer/Platforms/MacOSX.platform/Developer/SDKs/MacOSX12.3.sdk -fPIE -MD -MT CMakeFiles/cmTC_56954.dir/CheckIncludeFile.c.o -MF CMakeFiles/cmTC_56954.dir/CheckIncludeFile.c.o.d -o CMakeFiles/cmTC_56954.dir/CheckIncludeFile.c.o -c /Users/clementtongpersonal/Desktop/Programming/2022/SafelySail-AI/cv2/opencv-4.5.0/build/CMakeFiles/CMakeScratch/TryCompile-yO2GW0/CheckIncludeFile.c
Linking C executable cmTC_56954
/opt/homebrew/Cellar/cmake/3.25.1/bin/cmake -E cmake_link_script CMakeFiles/cmTC_56954.dir/link.txt --verbose=1
/Applications/Xcode.app/Contents/Developer/Toolchains/XcodeDefault.xctoolchain/usr/bin/cc    -fsigned-char -W -Wall -Werror=return-type -Werror=non-virtual-dtor -Werror=address -Werror=sequence-point -Wformat -Werror=format-security -Wmissing-declarations -Wmissing-prototypes -Wstrict-prototypes -Wundef -Winit-self -Wpointer-arith -Wshadow -Wsign-promo -Wuninitialized -Winit-self -Wno-delete-non-virtual-dtor -Wno-unnamed-type-template-args -Wno-comment -Wno-deprecated-enum-enum-conversion -Wno-deprecated-anon-enum-enum-conversion -fdiagnostics-show-option -Qunused-arguments -Wno-semicolon-before-method-body -ffunction-sections -fdata-sections    -fvisibility=hidden -fvisibility-inlines-hidden  -O3 -DNDEBUG  -DNDEBUG -arch arm64 -isysroot /Applications/Xcode.app/Contents/Developer/Platforms/MacOSX.platform/Developer/SDKs/MacOSX12.3.sdk -Wl,-search_paths_first -Wl,-headerpad_max_install_names   -Wl,-dead_strip  CMakeFiles/cmTC_56954.dir/CheckIncludeFile.c.o -o cmTC_56954 



Determining if the function dlerror exists in the dl passed with the following output:
Change Dir: /Users/clementtongpersonal/Desktop/Programming/2022/SafelySail-AI/cv2/opencv-4.5.0/build/CMakeFiles/CMakeScratch/TryCompile-zfyL9m

Run Build Command(s):/usr/bin/make -f Makefile cmTC_0172b/fast && /Applications/Xcode.app/Contents/Developer/usr/bin/make  -f CMakeFiles/cmTC_0172b.dir/build.make CMakeFiles/cmTC_0172b.dir/build
Building C object CMakeFiles/cmTC_0172b.dir/CheckFunctionExists.c.o
/Applications/Xcode.app/Contents/Developer/Toolchains/XcodeDefault.xctoolchain/usr/bin/cc   -fsigned-char -W -Wall -Werror=return-type -Werror=non-virtual-dtor -Werror=address -Werror=sequence-point -Wformat -Werror=format-security -Wmissing-declarations -Wmissing-prototypes -Wstrict-prototypes -Wundef -Winit-self -Wpointer-arith -Wshadow -Wsign-promo -Wuninitialized -Winit-self -Wno-delete-non-virtual-dtor -Wno-unnamed-type-template-args -Wno-comment -Wno-deprecated-enum-enum-conversion -Wno-deprecated-anon-enum-enum-conversion -fdiagnostics-show-option -Qunused-arguments -Wno-semicolon-before-method-body -ffunction-sections -fdata-sections    -fvisibility=hidden -fvisibility-inlines-hidden -DCHECK_FUNCTION_EXISTS=dlerror -O3 -DNDEBUG  -DNDEBUG -arch arm64 -isysroot /Applications/Xcode.app/Contents/Developer/Platforms/MacOSX.platform/Developer/SDKs/MacOSX12.3.sdk -fPIE -MD -MT CMakeFiles/cmTC_0172b.dir/CheckFunctionExists.c.o -MF CMakeFiles/cmTC_0172b.dir/CheckFunctionExists.c.o.d -o CMakeFiles/cmTC_0172b.dir/CheckFunctionExists.c.o -c /Users/clementtongpersonal/Desktop/Programming/2022/SafelySail-AI/cv2/opencv-4.5.0/build/CMakeFiles/CMakeScratch/TryCompile-zfyL9m/CheckFunctionExists.c
Linking C executable cmTC_0172b
/opt/homebrew/Cellar/cmake/3.25.1/bin/cmake -E cmake_link_script CMakeFiles/cmTC_0172b.dir/link.txt --verbose=1
/Applications/Xcode.app/Contents/Developer/Toolchains/XcodeDefault.xctoolchain/usr/bin/cc    -fsigned-char -W -Wall -Werror=return-type -Werror=non-virtual-dtor -Werror=address -Werror=sequence-point -Wformat -Werror=format-security -Wmissing-declarations -Wmissing-prototypes -Wstrict-prototypes -Wundef -Winit-self -Wpointer-arith -Wshadow -Wsign-promo -Wuninitialized -Winit-self -Wno-delete-non-virtual-dtor -Wno-unnamed-type-template-args -Wno-comment -Wno-deprecated-enum-enum-conversion -Wno-deprecated-anon-enum-enum-conversion -fdiagnostics-show-option -Qunused-arguments -Wno-semicolon-before-method-body -ffunction-sections -fdata-sections    -fvisibility=hidden -fvisibility-inlines-hidden -DCHECK_FUNCTION_EXISTS=dlerror -O3 -DNDEBUG  -DNDEBUG -arch arm64 -isysroot /Applications/Xcode.app/Contents/Developer/Platforms/MacOSX.platform/Developer/SDKs/MacOSX12.3.sdk -Wl,-search_paths_first -Wl,-headerpad_max_install_names   -Wl,-dead_strip  CMakeFiles/cmTC_0172b.dir/CheckFunctionExists.c.o -o cmTC_0172b  -ldl 



Determining if the CL_VERSION_1_2 exist passed with the following output:
Change Dir: /Users/clementtongpersonal/Desktop/Programming/2022/SafelySail-AI/cv2/opencv-4.5.0/build/CMakeFiles/CMakeScratch/TryCompile-U1eU6E

Run Build Command(s):/usr/bin/make -f Makefile cmTC_54afb/fast && /Applications/Xcode.app/Contents/Developer/usr/bin/make  -f CMakeFiles/cmTC_54afb.dir/build.make CMakeFiles/cmTC_54afb.dir/build
Building C object CMakeFiles/cmTC_54afb.dir/CheckSymbolExists.c.o
/Applications/Xcode.app/Contents/Developer/Toolchains/XcodeDefault.xctoolchain/usr/bin/cc  -F/Applications/Xcode.app/Contents/Developer/Platforms/MacOSX.platform/Developer/SDKs/MacOSX12.3.sdk/System/Library/Frameworks -fsigned-char -W -Wall    -Wformat -Wmissing-declarations -Wmissing-prototypes -Wstrict-prototypes -Wundef -Winit-self -Wpointer-arith -Wshadow -Wsign-promo -Wuninitialized -Winit-self -Wno-delete-non-virtual-dtor -Wno-unnamed-type-template-args -Wno-comment -Wno-deprecated-enum-enum-conversion -Wno-deprecated-anon-enum-enum-conversion -fdiagnostics-show-option -Qunused-arguments -Wno-semicolon-before-method-body -ffunction-sections -fdata-sections    -fvisibility=hidden -fvisibility-inlines-hidden  -O3 -DNDEBUG  -DNDEBUG -arch arm64 -isysroot /Applications/Xcode.app/Contents/Developer/Platforms/MacOSX.platform/Developer/SDKs/MacOSX12.3.sdk -fPIE -MD -MT CMakeFiles/cmTC_54afb.dir/CheckSymbolExists.c.o -MF CMakeFiles/cmTC_54afb.dir/CheckSymbolExists.c.o.d -o CMakeFiles/cmTC_54afb.dir/CheckSymbolExists.c.o -c /Users/clementtongpersonal/Desktop/Programming/2022/SafelySail-AI/cv2/opencv-4.5.0/build/CMakeFiles/CMakeScratch/TryCompile-U1eU6E/CheckSymbolExists.c
Linking C executable cmTC_54afb
/opt/homebrew/Cellar/cmake/3.25.1/bin/cmake -E cmake_link_script CMakeFiles/cmTC_54afb.dir/link.txt --verbose=1
/Applications/Xcode.app/Contents/Developer/Toolchains/XcodeDefault.xctoolchain/usr/bin/cc    -fsigned-char -W -Wall    -Wformat -Wmissing-declarations -Wmissing-prototypes -Wstrict-prototypes -Wundef -Winit-self -Wpointer-arith -Wshadow -Wsign-promo -Wuninitialized -Winit-self -Wno-delete-non-virtual-dtor -Wno-unnamed-type-template-args -Wno-comment -Wno-deprecated-enum-enum-conversion -Wno-deprecated-anon-enum-enum-conversion -fdiagnostics-show-option -Qunused-arguments -Wno-semicolon-before-method-body -ffunction-sections -fdata-sections    -fvisibility=hidden -fvisibility-inlines-hidden  -O3 -DNDEBUG  -DNDEBUG -arch arm64 -isysroot /Applications/Xcode.app/Contents/Developer/Platforms/MacOSX.platform/Developer/SDKs/MacOSX12.3.sdk -Wl,-search_paths_first -Wl,-headerpad_max_install_names   -Wl,-dead_strip  CMakeFiles/cmTC_54afb.dir/CheckSymbolExists.c.o -o cmTC_54afb 


File CheckSymbolExists.c:
/* */
#include </Applications/Xcode.app/Contents/Developer/Platforms/MacOSX.platform/Developer/SDKs/MacOSX12.3.sdk/System/Library/Frameworks/OpenCL.framework/Headers/cl.h>

int main(int argc, char** argv)
{
  (void)argv;
#ifndef CL_VERSION_1_2
  return ((int*)(&CL_VERSION_1_2))[argc];
#else
  (void)argc;
  return 0;
#endif
}
